epoch,time,train/box_loss,train/seg_loss,train/cls_loss,train/dfl_loss,train/sem_loss,metrics/precision(B),metrics/recall(B),metrics/mAP50(B),metrics/mAP50-95(B),metrics/precision(M),metrics/recall(M),metrics/mAP50(M),metrics/mAP50-95(M),val/box_loss,val/seg_loss,val/cls_loss,val/dfl_loss,val/sem_loss,lr/pg0,lr/pg1,lr/pg2
1,22.7984,2.29305,4.80378,3.20187,2.36634,0,0.01292,0.81579,0.06302,0.02631,0.01042,0.65789,0.04991,0.0234,1.57401,3.54099,3.0561,1.61869,0,4e-05,4e-05,4e-05
2,45.6913,2.20214,4.72223,3.09239,2.23804,0,0.0125,0.78947,0.0787,0.03389,0.01083,0.68421,0.05777,0.02349,1.52744,3.67335,3.07316,1.63036,0,9.99973e-05,9.99973e-05,9.99973e-05
3,67.9873,1.96235,4.05136,2.95893,2.01932,0,0.0125,0.78947,0.07949,0.0303,0.01167,0.73684,0.04749,0.02187,1.59466,3.51524,3.09632,1.72223,0,0.000159983,0.000159983,0.000159983
4,89.4741,1.8559,3.808,2.93865,1.87816,0,0.01167,0.73684,0.06843,0.02845,0.01167,0.73684,0.04307,0.01609,1.55243,3.67548,3.13736,1.81777,0,0.000219946,0.000219946,0.000219946
5,111.794,1.87317,3.73606,2.78974,1.83731,0,0.01167,0.73684,0.11731,0.03647,0.00917,0.57895,0.07028,0.03613,1.56988,4.91111,3.11484,1.84867,0,0.000279878,0.000279878,0.000279878
6,134.333,1.74963,3.19176,2.71367,1.75027,0,0.01417,0.89474,0.1824,0.06058,0.01042,0.65789,0.12065,0.05201,1.5518,5.93075,3.06723,1.75277,0,0.000339769,0.000339769,0.000339769
7,156.85,1.65556,3.18472,2.61211,1.698,0,0.01375,0.86842,0.21663,0.09339,0.01167,0.73684,0.18867,0.07133,1.52498,5.73437,2.93459,1.64883,0,0.000399609,0.000399609,0.000399609
8,178.488,1.67267,3.33899,2.53313,1.75447,0,0.01458,0.92105,0.19065,0.09374,0.01125,0.71053,0.19948,0.07033,1.58792,5.50288,2.89053,1.68262,0,0.000459389,0.000459389,0.000459389
9,200.509,1.64525,3.0935,2.4539,1.76489,0,0.01458,0.92105,0.14338,0.06129,0.01125,0.71053,0.1567,0.0546,1.65602,4.87227,2.95424,1.77504,0,0.000519097,0.000519097,0.000519097
10,222.708,1.7181,3.15181,2.30567,1.68777,0,0.01542,0.97368,0.13286,0.05352,0.00958,0.60526,0.08465,0.02297,1.65333,5.0405,2.95064,1.75056,0,0.000578726,0.000578726,0.000578726
11,243.775,1.637,3.25991,2.29236,1.70542,0,0.03094,0.81579,0.11997,0.04233,0.1881,0.07895,0.07046,0.00949,1.63447,5.72487,2.90293,1.72429,0,0.000638265,0.000638265,0.000638265
12,264.958,1.69445,3.17999,2.19921,1.65137,0,0.18859,0.13158,0.15412,0.04968,0.00917,0.57895,0.02795,0.0052,1.71622,5.76878,2.89858,1.78988,0,0.000697704,0.000697704,0.000697704
13,286.136,1.67877,3.16177,2.03298,1.70205,0,0.01458,0.92105,0.10948,0.03918,0.00833,0.52632,0.02437,0.00423,1.8843,6.39373,2.89622,1.91585,0,0.000757034,0.000757034,0.000757034
14,307.283,1.62741,3.01817,1.92715,1.71353,0,0.015,0.94737,0.10512,0.04818,0.00792,0.5,0.01359,0.00198,1.99386,7.03989,2.83314,2.0022,0,0.000816245,0.000816245,0.000816245
15,327.865,1.88369,3.23273,2.27704,1.85535,0,0.01655,0.84211,0.10959,0.0453,0.00672,0.34211,0.0244,0.00629,2.05286,8.31792,2.93369,2.10608,0,0.000875327,0.000875327,0.000875327
16,349.514,1.89142,3.41961,2.25153,1.84542,0,0.15781,0.21705,0.16524,0.0597,0.03828,0.05263,0.0308,0.00381,2.07431,9.89673,2.89419,2.06833,0,0.000934271,0.000934271,0.000934271
17,370.725,1.78464,3.43845,2.0911,1.81529,0,0.40482,0.15789,0.14032,0.04765,0.0025,0.15789,0.00109,0.00037,2.15239,15.0302,2.8567,2.30417,0,0.000993068,0.000993068,0.000993068
18,391.387,1.77493,3.25354,2.05322,1.69745,0,0.54613,0.21053,0.22569,0.06893,0.00292,0.18421,0.00171,0.00056,2.08221,16.2362,2.82021,2.28778,0,0.00105171,0.00105171,0.00105171
19,411.895,1.54875,3.32907,2.12366,1.64338,0,0.3371,0.07895,0.16854,0.06492,0.00787,0.26316,0.00758,0.00221,2.12606,17.7759,2.80108,2.3224,0,0.00111018,0.00111018,0.00111018
20,432.774,1.8517,3.18595,2.04835,1.76239,0,0.3134,0.13158,0.13875,0.05618,0.005,0.31579,0.01357,0.00363,2.01569,17.5562,2.73065,2.34461,0,0.00116848,0.00116848,0.00116848
21,453.942,1.72058,3.13916,1.94689,1.68539,0,0.22397,0.07895,0.14676,0.05856,0.02821,0.15789,0.01335,0.00324,2.05988,19.2137,2.76017,2.37902,0,0.00122659,0.00122659,0.00122659
22,474.338,1.80387,3.44822,2.32096,1.79509,0,0.28547,0.07895,0.16203,0.05477,0.09084,0.10526,0.02101,0.00472,2.0513,14.1912,2.75878,2.09498,0,0.0012845,0.0012845,0.0012845
23,494.555,1.85943,3.33364,2.11528,1.83351,0,0.36271,0.18421,0.16358,0.06416,0.17982,0.10526,0.03964,0.01056,2.00619,9.11314,2.73756,2.07935,0,0.00134221,0.00134221,0.00134221
24,514.456,1.81202,3.38147,2.05588,1.78184,0,0.35063,0.18421,0.2001,0.0839,0.2237,0.15789,0.08962,0.01841,2.08933,7.86592,2.73889,2.19006,0,0.00139971,0.00139971,0.00139971
25,534.572,1.7305,3.09305,2.02858,1.72264,0,0.292,0.23684,0.24317,0.09127,0.2287,0.18421,0.11573,0.03162,2.05305,7.348,2.59421,2.2257,0,0.00145698,0.00145698,0.00145698
26,554.671,1.66352,2.93992,1.98059,1.64681,0,0.29036,0.36842,0.20068,0.07326,0.27369,0.31579,0.12578,0.04253,2.12098,7.23317,2.5546,2.24253,0,0.00151403,0.00151403,0.00151403
27,575.504,1.67137,3.15689,1.88158,1.68116,0,0.31359,0.23684,0.16889,0.05595,0.26269,0.23684,0.11124,0.03982,2.08461,7.35354,2.5623,2.24874,0,0.00157082,0.00157082,0.00157082
28,596.712,1.75344,3.00209,2.04836,1.80357,0,0.28607,0.31579,0.20973,0.07346,0.17275,0.23684,0.08561,0.03257,2.03636,7.85573,2.62825,2.24151,0,0.00162737,0.00162737,0.00162737
29,618.004,1.69183,2.87778,1.93838,1.65089,0,0.28607,0.31579,0.20973,0.07346,0.17275,0.23684,0.08561,0.03257,2.03636,7.85573,2.62825,2.24151,0,0.00168366,0.00168366,0.00168366
30,638.7,1.82178,3.13161,2.00767,1.80526,0,0.28839,0.39474,0.23942,0.10202,0.31751,0.28947,0.21126,0.081,2.08171,6.55314,2.65077,2.24343,0,0.00173968,0.00173968,0.00173968
31,659.266,1.76953,3.12211,2.06747,1.71894,0,0.29752,0.37907,0.26854,0.08719,0.59474,0.21053,0.25516,0.08218,2.1559,6.45472,2.66378,2.36284,0,0.00179542,0.00179542,0.00179542
32,678.961,1.78032,2.89605,1.90197,1.72074,0,0.38093,0.21053,0.212,0.09771,0.23037,0.34211,0.21611,0.07174,2.16449,5.7403,2.81154,2.34641,0,0.00185088,0.00185088,0.00185088
33,698.98,1.81009,3.1909,2.00587,1.77286,0,0.38093,0.21053,0.212,0.09771,0.23037,0.34211,0.21611,0.07174,2.16449,5.7403,2.81154,2.34641,0,0.00190603,0.00190603,0.00190603
34,719.385,1.83889,3.17491,1.96354,1.72974,0,0.26953,0.39474,0.25399,0.11457,0.28675,0.42105,0.30126,0.09024,2.0577,5.15186,2.87706,2.33259,0,0.00194147,0.00194147,0.00194147
35,739.311,1.70854,2.90507,2.06654,1.66173,0,0.34068,0.44737,0.28945,0.10105,0.28752,0.47368,0.2452,0.08154,2.04059,4.78462,2.83405,2.27818,0,0.00193791,0.00193791,0.00193791
36,758.738,1.85579,3.09324,2.02734,1.78971,0,0.28073,0.34211,0.18329,0.0741,0.28073,0.34211,0.18094,0.05411,1.86758,5.05125,3.36515,2.15593,0,0.00193424,0.00193424,0.00193424
37,778.875,1.78357,3.05403,1.96979,1.76704,0,0.28073,0.34211,0.18329,0.0741,0.28073,0.34211,0.18094,0.05411,1.86758,5.05125,3.36515,2.15593,0,0.00193048,0.00193048,0.00193048
38,799.781,1.73846,2.90697,1.86751,1.66851,0,0.17714,0.63158,0.16726,0.05947,0.18406,0.39474,0.15058,0.04396,1.9708,5.18063,3.84773,2.21188,0,0.00192661,0.00192661,0.00192661
39,821.541,1.72873,3.03577,1.83807,1.65669,0,0.24286,0.23684,0.1477,0.06412,0.18968,0.39424,0.15054,0.05862,1.9412,5.234,4.13738,2.32196,0,0.00192264,0.00192264,0.00192264
40,842.056,1.7547,3.02387,1.98527,1.76387,0,0.16679,0.31579,0.11885,0.05083,0.20702,0.39474,0.14102,0.04965,1.9488,4.75834,4.80998,2.25686,0,0.00191858,0.00191858,0.00191858
41,863.203,1.933,3.24032,2.10989,1.91353,0,0.16679,0.31579,0.11885,0.05083,0.20702,0.39474,0.14102,0.04965,1.9488,4.75834,4.80998,2.25686,0,0.00191441,0.00191441,0.00191441
42,883.928,1.78487,2.856,1.85065,1.69879,0,0.19695,0.44737,0.15914,0.06145,0.18402,0.42105,0.13343,0.05268,2.0597,5.11473,4.7186,2.25033,0,0.00191014,0.00191014,0.00191014
43,903.741,1.83753,3.1188,2.01269,1.76688,0,0.26902,0.36842,0.16964,0.06442,0.26902,0.36842,0.1418,0.05808,2.00389,5.69219,3.70353,2.1087,0,0.00190578,0.00190578,0.00190578
44,924.899,1.7754,3.00896,2.00507,1.76241,0,0.21741,0.36842,0.1595,0.05686,0.20278,0.34211,0.13224,0.04926,2.03105,5.2151,3.37736,2.10065,0,0.00190132,0.00190132,0.00190132
45,946.294,1.67585,3.14793,1.90675,1.67112,0,0.21741,0.36842,0.1595,0.05686,0.20278,0.34211,0.13224,0.04926,2.03105,5.2151,3.37736,2.10065,0,0.00189675,0.00189675,0.00189675
46,967.99,1.90539,3.22125,2.20307,1.83824,0,0.17615,0.36575,0.15792,0.04338,0.15996,0.28947,0.11351,0.03322,2.20174,5.11821,3.24186,2.36716,0,0.0018921,0.0018921,0.0018921
47,989.395,1.73324,3.00349,1.99067,1.67445,0,0.19887,0.28947,0.12862,0.04562,0.17361,0.26316,0.10501,0.03502,2.3676,6.128,3.14333,2.37223,0,0.00188734,0.00188734,0.00188734
48,1011.19,1.89577,3.34935,2.0513,1.87789,0,0.18009,0.15789,0.12409,0.05283,0.21367,0.18421,0.12152,0.03178,2.46244,6.80434,3.44219,2.4871,0,0.00188249,0.00188249,0.00188249
49,1033.19,1.63036,2.93346,1.9349,1.66118,0,0.18009,0.15789,0.12409,0.05283,0.21367,0.18421,0.12152,0.03178,2.46244,6.80434,3.44219,2.4871,0,0.00187754,0.00187754,0.00187754
50,1055.05,1.6991,2.75649,1.96247,1.63847,0,0.16508,0.13158,0.11231,0.04737,0.10403,0.21053,0.05784,0.02269,2.58813,7.33167,4.06834,2.47244,0,0.0018725,0.0018725,0.0018725
51,1077.06,1.6943,2.84205,1.83758,1.71467,0,0.08461,0.47368,0.1353,0.06193,0.36568,0.05263,0.07087,0.03267,2.46006,6.54524,3.61804,2.28108,0,0.00186737,0.00186737,0.00186737
52,1099.53,1.71388,3.11441,1.90359,1.66456,0,0.10663,0.44602,0.1513,0.06152,0.21573,0.10526,0.11752,0.04085,2.38412,5.79618,3.24259,2.29734,0,0.00186213,0.00186213,0.00186213
53,1121.57,1.74064,2.91248,1.93664,1.65458,0,0.10663,0.44602,0.1513,0.06152,0.21573,0.10526,0.11752,0.04085,2.38412,5.79618,3.24259,2.29734,0,0.00185681,0.00185681,0.00185681
54,1143.79,1.82301,3.05049,1.93307,1.75,0,0.10728,0.26316,0.1041,0.04537,0.0591,0.31579,0.06723,0.03117,2.3981,5.29324,3.53656,2.39597,0,0.00185139,0.00185139,0.00185139
55,1167.59,1.62664,2.76551,1.77001,1.58256,0,0.13143,0.31579,0.14282,0.06537,0.08987,0.21053,0.08527,0.0409,2.2517,5.71336,3.46486,2.3174,0,0.00184588,0.00184588,0.00184588
56,1189.16,1.79808,2.91832,1.81281,1.78305,0,0.13941,0.36842,0.13819,0.06439,0.38925,0.05263,0.07184,0.03246,2.08672,6.53954,3.60442,2.05855,0,0.00184028,0.00184028,0.00184028
57,1211.1,1.7103,2.89268,1.76098,1.59994,0,0.13941,0.36842,0.13819,0.06439,0.38925,0.05263,0.07184,0.03246,2.08672,6.53954,3.60442,2.05855,0,0.00183459,0.00183459,0.00183459
58,1231.59,1.58221,3.14659,1.96176,1.66817,0,0.14034,0.42105,0.16771,0.07593,0.11719,0.18421,0.10754,0.04522,2.04647,6.20256,3.50164,2.05383,0,0.00182881,0.00182881,0.00182881
59,1253.57,1.58753,2.80576,1.63621,1.56257,0,0.21838,0.31579,0.19547,0.07951,0.24331,0.31579,0.18147,0.05874,2.07286,5.69154,3.28262,2.11327,0,0.00182294,0.00182294,0.00182294
60,1275.47,1.67967,2.74361,1.71926,1.6271,0,0.22519,0.36842,0.22691,0.08693,0.22761,0.34211,0.2013,0.07333,2.07667,4.59716,3.10456,2.14807,0,0.00181698,0.00181698,0.00181698
61,1296.21,1.77986,2.87168,1.84007,1.70032,0,0.22519,0.36842,0.22691,0.08693,0.22761,0.34211,0.2013,0.07333,2.07667,4.59716,3.10456,2.14807,0,0.00181093,0.00181093,0.00181093
62,1316.93,1.68755,2.95523,1.71209,1.62141,0,0.23582,0.34211,0.21562,0.08,0.26503,0.26316,0.19489,0.07041,2.0628,4.35026,2.93915,2.06689,0,0.00180479,0.00180479,0.00180479
63,1336.59,1.70796,2.50251,1.80756,1.67605,0,0.24918,0.3582,0.2028,0.07653,0.18526,0.23684,0.14779,0.05246,2.04143,4.51996,2.77412,2.03251,0,0.00179856,0.00179856,0.00179856
64,1358.63,1.80084,2.7986,1.79134,1.73712,0,0.18071,0.28947,0.1595,0.06993,0.17006,0.26316,0.12247,0.04194,2.03031,4.94744,2.5832,1.9514,0,0.00179225,0.00179225,0.00179225
65,1380.94,1.73024,2.87724,1.81565,1.64808,0,0.18071,0.28947,0.1595,0.06993,0.17006,0.26316,0.12247,0.04194,2.03031,4.94744,2.5832,1.9514,0,0.00178586,0.00178586,0.00178586
66,1402.89,1.59327,2.714,1.64731,1.59336,0,0.17736,0.28947,0.13174,0.05792,0.15978,0.28947,0.09745,0.03435,2.04018,5.61074,2.84629,1.99205,0,0.00177937,0.00177937,0.00177937
67,1424.23,1.56092,2.66549,1.72385,1.61754,0,0.15492,0.34211,0.17472,0.07729,0.14844,0.34211,0.17396,0.06654,2.0294,4.90903,2.77798,1.94029,0,0.00177281,0.00177281,0.00177281
68,1446.06,1.76003,3.28167,1.8725,1.74452,0,0.25302,0.47368,0.21759,0.08993,0.25302,0.47368,0.227,0.0869,2.01954,4.86636,2.65188,1.93433,0,0.00176616,0.00176616,0.00176616
69,1467.98,1.53901,2.55124,1.71342,1.61257,0,0.25302,0.47368,0.21759,0.08993,0.25302,0.47368,0.227,0.0869,2.01954,4.86636,2.65188,1.93433,0,0.00175943,0.00175943,0.00175943
70,1490.23,1.64205,2.86076,1.78472,1.62797,0,0.3541,0.42105,0.28136,0.10489,0.37665,0.44737,0.30354,0.10168,2.06652,4.70917,2.72973,1.96933,0,0.00175261,0.00175261,0.00175261
71,1511.65,1.68943,3.11357,1.73707,1.70182,0,0.27762,0.40466,0.26481,0.10702,0.26699,0.39303,0.23872,0.08763,2.08012,4.79088,2.81504,2.00297,0,0.00174571,0.00174571,0.00174571
72,1532.53,1.59738,2.69937,1.79534,1.55422,0,0.28172,0.23684,0.2333,0.09256,0.18075,0.36842,0.16803,0.05466,2.16687,4.92868,2.95561,2.05277,0,0.00173874,0.00173874,0.00173874
73,1553.76,1.5834,2.77303,1.6367,1.55379,0,0.28172,0.23684,0.2333,0.09256,0.18075,0.36842,0.16803,0.05466,2.16687,4.92868,2.95561,2.05277,0,0.00173168,0.00173168,0.00173168
74,1576.05,1.61134,2.7811,1.70275,1.60816,0,0.41973,0.26316,0.25082,0.08149,0.37775,0.23684,0.21019,0.06545,2.15448,4.90225,2.68352,2.07609,0,0.00172454,0.00172454,0.00172454
75,1597.26,1.57545,2.68424,1.69848,1.57027,0,0.41585,0.31579,0.29861,0.11278,0.33314,0.31579,0.27922,0.08691,2.16454,4.77689,2.5414,2.08827,0,0.00171733,0.00171733,0.00171733
76,1617.77,1.57882,2.6135,1.64877,1.54745,0,0.22697,0.26272,0.1941,0.08775,0.30687,0.23684,0.20345,0.0806,2.07717,4.56099,2.77945,1.95308,0,0.00171004,0.00171004,0.00171004
77,1638.05,1.6777,2.65612,1.64187,1.6013,0,0.22697,0.26272,0.1941,0.08775,0.30687,0.23684,0.20345,0.0806,2.07717,4.56099,2.77945,1.95308,0,0.00170267,0.00170267,0.00170267
78,1659.28,1.67946,2.91238,1.76221,1.64072,0,0.24361,0.26316,0.20534,0.10893,0.28045,0.23684,0.20273,0.09824,1.98119,4.72795,2.77139,1.85237,0,0.00169522,0.00169522,0.00169522
79,1679.76,1.56356,2.60262,1.63388,1.58011,0,0.29213,0.34763,0.20755,0.09755,0.24962,0.34211,0.18943,0.07172,1.96884,4.65073,2.47142,1.74346,0,0.0016877,0.0016877,0.0016877
80,1699.52,1.63416,2.9284,1.6875,1.61502,0,0.26986,0.42105,0.21664,0.10293,0.26678,0.36842,0.21732,0.07984,2.06041,4.81017,2.37837,1.87913,0,0.00168011,0.00168011,0.00168011
81,1720.41,1.62596,2.72123,2.00766,1.73395,0,0.26986,0.42105,0.21664,0.10293,0.26678,0.36842,0.21732,0.07984,2.06041,4.81017,2.37837,1.87913,0,0.00167244,0.00167244,0.00167244
82,1741.28,1.58081,2.52855,1.60764,1.56005,0,0.41258,0.34211,0.28157,0.13789,0.47528,0.36842,0.28333,0.11833,1.98234,4.75945,2.23938,1.76658,0,0.0016647,0.0016647,0.0016647
83,1761.35,1.5813,2.60934,1.72939,1.61347,0,0.2607,0.39474,0.24346,0.13225,0.35466,0.26316,0.22489,0.08668,1.87827,4.49216,2.35123,1.67718,0,0.00165689,0.00165689,0.00165689
84,1782.01,1.68307,2.64967,1.78538,1.63005,0,0.33809,0.36842,0.26329,0.13232,0.31372,0.34211,0.22616,0.08148,1.83955,4.50304,2.45086,1.66509,0,0.001649,0.001649,0.001649
85,1802.09,1.54689,2.69604,1.61823,1.63299,0,0.33809,0.36842,0.26329,0.13232,0.31372,0.34211,0.22616,0.08148,1.83955,4.50304,2.45086,1.66509,0,0.00164105,0.00164105,0.00164105
86,1823.79,1.60107,2.84085,1.77079,1.58158,0,0.2678,0.42105,0.3056,0.16057,0.23433,0.36842,0.21477,0.09053,1.81213,4.80322,2.35537,1.6953,0,0.00163303,0.00163303,0.00163303
87,1845.7,1.52116,2.76622,1.77999,1.52117,0,0.26999,0.36988,0.32486,0.16996,0.20557,0.34211,0.20788,0.0727,1.79872,4.61955,2.32225,1.70428,0,0.00162494,0.00162494,0.00162494
88,1866.55,1.62187,2.80994,1.77795,1.57791,0,0.32322,0.34211,0.30567,0.14294,0.28055,0.28947,0.22614,0.06336,1.87634,4.64216,2.54445,1.81919,0,0.00161678,0.00161678,0.00161678
89,1887.82,1.62048,2.66969,1.70714,1.52935,0,0.32322,0.34211,0.30567,0.14294,0.28055,0.28947,0.22614,0.06336,1.87634,4.64216,2.54445,1.81919,0,0.00160855,0.00160855,0.00160855
90,1908.74,1.61909,2.75832,1.63605,1.62022,0,0.36451,0.26316,0.24304,0.09434,0.32496,0.23684,0.18653,0.05223,1.99086,4.8082,2.95052,1.92899,0,0.00160026,0.00160026,0.00160026
91,1929.74,1.6699,2.87047,1.7021,1.64499,0,0.31109,0.36842,0.30577,0.1253,0.31525,0.34211,0.24322,0.0756,1.98306,4.58727,3.06471,1.93318,0,0.00159191,0.00159191,0.00159191
92,1951.12,1.64033,2.684,1.73264,1.56923,0,0.59706,0.2733,0.34564,0.1585,0.46595,0.21053,0.21966,0.07718,1.90176,4.5614,2.92063,1.89932,0,0.00158349,0.00158349,0.00158349
93,1971.58,1.71812,2.60653,1.9647,1.77271,0,0.59706,0.2733,0.34564,0.1585,0.46595,0.21053,0.21966,0.07718,1.90176,4.5614,2.92063,1.89932,0,0.00157501,0.00157501,0.00157501
94,1992.11,1.55215,2.69733,1.62673,1.51408,0,0.35556,0.28947,0.2365,0.10201,0.32086,0.26316,0.18817,0.0789,1.90788,4.72869,3.25479,1.93639,0,0.00156646,0.00156646,0.00156646
95,2013.4,1.50448,2.4897,1.52367,1.48196,0,0.36767,0.26316,0.21187,0.08503,0.29278,0.21053,0.15357,0.06689,2.0089,4.81088,3.23898,2.00841,0,0.00155786,0.00155786,0.00155786
96,2035.44,1.55235,2.64916,1.74091,1.61534,0,0.41803,0.26316,0.2521,0.10695,0.41803,0.26316,0.24456,0.09061,1.95438,4.5127,2.86286,1.91974,0,0.00154919,0.00154919,0.00154919
97,2055.99,1.57568,2.8854,1.58938,1.54286,0,0.41803,0.26316,0.2521,0.10695,0.41803,0.26316,0.24456,0.09061,1.95438,4.5127,2.86286,1.91974,0,0.00154047,0.00154047,0.00154047
98,2077.72,1.42607,2.44642,1.54811,1.50879,0,0.40721,0.30751,0.27872,0.12403,0.40721,0.30751,0.24771,0.08637,1.896,4.34198,2.44977,1.83411,0,0.00153169,0.00153169,0.00153169
99,2097.75,1.6289,2.72487,1.53249,1.60242,0,0.44924,0.34211,0.30101,0.12851,0.43437,0.36842,0.29348,0.09343,1.90282,4.22322,2.30994,1.82063,0,0.00152285,0.00152285,0.00152285
100,2119.19,1.60559,2.67729,1.63752,1.54757,0,0.36892,0.31579,0.25039,0.10474,0.36892,0.31579,0.24978,0.07121,1.92039,4.42818,2.46662,1.82545,0,0.00151395,0.00151395,0.00151395
101,2141.35,1.53627,2.69739,1.61776,1.55319,0,0.36892,0.31579,0.25039,0.10474,0.36892,0.31579,0.24978,0.07121,1.92039,4.42818,2.46662,1.82545,0,0.001505,0.001505,0.001505
102,2161.81,1.37818,2.53809,1.52186,1.48074,0,0.24904,0.36842,0.20137,0.06774,0.21901,0.31579,0.13412,0.04224,2.06121,4.27965,2.6887,1.9684,0,0.00149599,0.00149599,0.00149599
103,2182.65,1.4266,2.66238,1.5307,1.46797,0,0.25147,0.34483,0.22009,0.08911,0.40768,0.23684,0.21297,0.06486,2.035,4.01107,2.6518,2.01588,0,0.00148694,0.00148694,0.00148694
104,2203.24,1.66756,3.21887,1.81159,1.75493,0,0.32991,0.34211,0.23087,0.09127,0.283,0.28947,0.16175,0.05951,1.90799,3.78238,2.43829,1.91327,0,0.00147783,0.00147783,0.00147783
105,2223.76,1.46507,2.54839,1.51737,1.46581,0,0.32991,0.34211,0.23087,0.09127,0.283,0.28947,0.16175,0.05951,1.90799,3.78238,2.43829,1.91327,0,0.00146866,0.00146866,0.00146866
106,2244.83,1.55984,2.73863,1.55506,1.53036,0,0.33181,0.28947,0.22179,0.08229,0.31306,0.26316,0.15883,0.0454,1.9401,3.98226,2.44542,1.89261,0,0.00145945,0.00145945,0.00145945
107,2266.99,1.61031,2.65259,1.62518,1.52286,0,0.23474,0.37137,0.19384,0.07051,0.27054,0.23684,0.14068,0.03749,1.91191,4.22809,2.54771,1.85749,0,0.00145019,0.00145019,0.00145019
108,2288.85,1.42141,2.69092,1.43478,1.46806,0,0.24446,0.31579,0.20784,0.07876,0.31017,0.23684,0.17,0.04639,2.01805,4.33606,2.60239,1.97376,0,0.00144088,0.00144088,0.00144088
109,2309.33,1.4006,2.43538,1.44001,1.39442,0,0.24446,0.31579,0.20784,0.07876,0.31017,0.23684,0.17,0.04639,2.01805,4.33606,2.60239,1.97376,0,0.00143152,0.00143152,0.00143152
110,2329.55,1.56778,2.78939,1.74552,1.59989,0,0.33761,0.29521,0.28489,0.13923,0.42586,0.23684,0.27141,0.08873,2.01815,4.13631,2.53698,1.99322,0,0.00142212,0.00142212,0.00142212
111,2350.87,1.644,2.81383,1.59686,1.61469,0,0.35871,0.36842,0.29813,0.15572,0.37003,0.32478,0.31878,0.10454,2.00672,3.93681,2.52282,1.94799,0,0.00141267,0.00141267,0.00141267
112,2372.37,1.49766,2.61368,1.50418,1.52451,0,0.30358,0.34211,0.31592,0.12935,0.58321,0.23684,0.30487,0.08929,2.02066,3.86377,2.61607,1.93068,0,0.00140318,0.00140318,0.00140318
113,2392.22,1.49177,2.6375,1.48426,1.4975,0,0.30358,0.34211,0.31592,0.12935,0.58321,0.23684,0.30487,0.08929,2.02066,3.86377,2.61607,1.93068,0,0.00139364,0.00139364,0.00139364
114,2411.39,1.72231,2.89271,1.80983,1.64693,0,0.33964,0.32501,0.25501,0.09645,0.41455,0.26316,0.25154,0.06809,2.09523,4.07601,2.8591,1.97309,0,0.00138406,0.00138406,0.00138406
115,2431.38,1.51672,2.52417,1.52438,1.4966,0,0.35219,0.34211,0.24026,0.07688,0.35006,0.31579,0.20894,0.04958,2.1588,4.39431,2.93702,2.0053,0,0.00137444,0.00137444,0.00137444
116,2451.43,1.73268,3.11308,1.84343,1.70646,0,0.22351,0.44737,0.23763,0.07591,0.3035,0.31579,0.20236,0.06081,2.23755,4.61919,2.78154,2.0295,0,0.00136478,0.00136478,0.00136478
117,2471.42,1.49721,2.56446,1.46496,1.4583,0,0.22351,0.44737,0.23763,0.07591,0.3035,0.31579,0.20236,0.06081,2.23755,4.61919,2.78154,2.0295,0,0.00135509,0.00135509,0.00135509
118,2491.55,1.41569,2.52979,1.62379,1.49344,0,0.26218,0.36842,0.25429,0.09318,0.24597,0.34211,0.2235,0.07498,2.09343,4.45712,2.61085,1.85842,0,0.00134535,0.00134535,0.00134535
119,2510.54,1.5213,2.50491,1.43919,1.52938,0,0.43493,0.28947,0.28173,0.13476,0.4772,0.31579,0.27809,0.10942,1.9174,4.25031,2.54259,1.74933,0,0.00133558,0.00133558,0.00133558
120,2530.58,1.46718,2.61153,1.56328,1.50428,0,0.36257,0.36842,0.28197,0.13753,0.39622,0.39474,0.28687,0.11291,1.96137,4.14616,2.50068,1.79242,0,0.00132577,0.00132577,0.00132577
121,2550.54,1.55241,2.69967,1.73239,1.55429,0,0.36257,0.36842,0.28197,0.13753,0.39622,0.39474,0.28687,0.11291,1.96137,4.14616,2.50068,1.79242,0,0.00131593,0.00131593,0.00131593
122,2569.9,1.57969,3.04961,1.56767,1.58733,0,0.43051,0.31579,0.31007,0.15491,0.46639,0.34211,0.30635,0.12598,1.97443,4.15872,2.49741,1.82288,0,0.00130605,0.00130605,0.00130605
123,2590.05,1.48827,2.65273,1.54629,1.48886,0,0.42699,0.34211,0.26075,0.12672,0.46098,0.36842,0.25684,0.1044,2.00276,4.24064,2.56403,1.84667,0,0.00129614,0.00129614,0.00129614
124,2609.81,1.4793,2.69434,1.51451,1.46506,0,0.35573,0.28947,0.22501,0.09451,0.38955,0.31579,0.23556,0.08411,1.99682,4.4344,2.60031,1.86439,0,0.0012862,0.0012862,0.0012862
125,2630.72,1.46376,2.49725,1.50795,1.48846,0,0.35573,0.28947,0.22501,0.09451,0.38955,0.31579,0.23556,0.08411,1.99682,4.4344,2.60031,1.86439,0,0.00127623,0.00127623,0.00127623
126,2650.38,1.45554,2.51593,1.40346,1.44911,0,0.20348,0.34211,0.2011,0.09268,0.3045,0.31117,0.21473,0.08605,1.97226,4.48984,2.64971,1.84599,0,0.00126623,0.00126623,0.00126623
127,2670.46,1.36337,2.35994,1.34207,1.41149,0,0.24229,0.42105,0.24452,0.1163,0.32827,0.31579,0.2711,0.11076,1.91957,4.06647,2.70987,1.7608,0,0.0012562,0.0012562,0.0012562
128,2689.85,1.53066,2.51952,1.55671,1.53163,0,0.3236,0.31477,0.25448,0.12111,0.34929,0.33909,0.27944,0.11629,1.90517,4.0196,2.72772,1.79937,0,0.00124615,0.00124615,0.00124615
129,2709.11,1.44311,2.57279,1.5221,1.46193,0,0.3236,0.31477,0.25448,0.12111,0.34929,0.33909,0.27944,0.11629,1.90517,4.0196,2.72772,1.79937,0,0.00123607,0.00123607,0.00123607
130,2728.28,1.48069,2.56981,1.52234,1.46061,0,0.27049,0.26346,0.22403,0.10526,0.29923,0.28947,0.26527,0.10197,1.98111,3.95641,2.7824,1.89444,0,0.00122596,0.00122596,0.00122596
131,2748.19,1.43875,2.48064,1.41369,1.42462,0,0.24722,0.26316,0.18597,0.08407,0.3307,0.27324,0.24632,0.08685,2.05789,3.95723,2.81464,1.95005,0,0.00121583,0.00121583,0.00121583
132,2767.51,1.47995,2.80469,1.52028,1.49242,0,0.25129,0.28947,0.16425,0.06487,0.29167,0.31579,0.20602,0.0638,2.14491,3.8422,2.90148,2.00061,0,0.00120568,0.00120568,0.00120568
133,2786.71,1.50778,2.64836,1.51464,1.58946,0,0.25129,0.28947,0.16425,0.06487,0.29167,0.31579,0.20602,0.0638,2.14491,3.8422,2.90148,2.00061,0,0.00119551,0.00119551,0.00119551
134,2805.88,1.58887,2.71636,1.52034,1.51562,0,0.39155,0.18421,0.19566,0.07842,0.44929,0.21053,0.23229,0.07605,2.11328,3.75492,2.89877,2.03138,0,0.00118531,0.00118531,0.00118531
135,2825.83,1.46978,2.29008,1.41475,1.49926,0,0.40406,0.21053,0.19073,0.07226,0.44676,0.23684,0.22867,0.06785,2.0537,3.65712,2.83175,2.00267,0,0.0011751,0.0011751,0.0011751
136,2844.44,1.49127,2.39445,1.3928,1.42404,0,0.39738,0.23684,0.21756,0.08161,0.41703,0.23684,0.232,0.06777,1.94831,3.53375,2.7497,1.89904,0,0.00116487,0.00116487,0.00116487
137,2862.81,1.54015,2.57614,1.71015,1.52582,0,0.39738,0.23684,0.21756,0.08161,0.41703,0.23684,0.232,0.06777,1.94831,3.53375,2.7497,1.89904,0,0.00115462,0.00115462,0.00115462
138,2882.58,1.47423,2.48446,1.48309,1.47554,0,0.31014,0.23684,0.21718,0.09135,0.37921,0.26316,0.23077,0.07015,1.92258,3.51065,2.66292,1.87567,0,0.00114436,0.00114436,0.00114436
139,2904.75,1.43904,2.31655,1.37309,1.45543,0,0.28257,0.28947,0.21569,0.08887,0.33394,0.34211,0.26898,0.07186,1.90899,3.59037,2.68463,1.85182,0,0.00113408,0.00113408,0.00113408
140,2929.28,1.45503,2.61881,1.4622,1.49007,0,0.2699,0.34211,0.25691,0.09943,0.44368,0.26316,0.27775,0.07135,1.96711,3.70564,2.7415,1.86383,0,0.00112379,0.00112379,0.00112379
141,2949.19,1.51753,2.73598,1.52549,1.50695,0,0.2699,0.34211,0.25691,0.09943,0.44368,0.26316,0.27775,0.07135,1.96711,3.70564,2.7415,1.86383,0,0.00111348,0.00111348,0.00111348
142,2970.9,1.4405,2.58509,1.59642,1.42537,0,0.26083,0.40869,0.2983,0.12494,0.46173,0.31604,0.34096,0.08697,1.94387,3.68303,2.71907,1.83191,0,0.00110317,0.00110317,0.00110317
143,2991.25,1.51285,2.88399,1.54727,1.56973,0,0.36276,0.42105,0.36097,0.15263,0.36326,0.39474,0.36475,0.1073,1.89029,3.52542,2.5743,1.75236,0,0.00109284,0.00109284,0.00109284
144,3011.5,1.51845,2.46849,1.51032,1.54717,0,0.56986,0.31579,0.39222,0.16988,0.56986,0.31579,0.39867,0.12071,1.87002,3.50277,2.5225,1.74687,0,0.00108251,0.00108251,0.00108251
145,3031.67,1.3954,2.33002,1.38307,1.4684,0,0.56986,0.31579,0.39222,0.16988,0.56986,0.31579,0.39867,0.12071,1.87002,3.50277,2.5225,1.74687,0,0.00107216,0.00107216,0.00107216
146,3052.94,1.38882,2.73031,1.39858,1.46913,0,0.28687,0.44737,0.35053,0.15982,0.31686,0.47368,0.38678,0.11131,1.88183,3.54241,2.42034,1.74467,0,0.00106181,0.00106181,0.00106181
147,3075.44,1.49624,2.4896,1.46404,1.4873,0,0.26537,0.47368,0.27956,0.12608,0.40495,0.36842,0.32487,0.0899,1.96074,3.58618,2.378,1.82565,0,0.00105146,0.00105146,0.00105146
148,3098.68,1.45037,2.50002,1.45531,1.4871,0,0.31504,0.44785,0.28365,0.1139,0.31504,0.44785,0.30627,0.0864,1.98001,3.68527,2.49082,1.83437,0,0.0010411,0.0010411,0.0010411
149,3119.34,1.38517,2.38738,1.31154,1.41319,0,0.31504,0.44785,0.28365,0.1139,0.31504,0.44785,0.30627,0.0864,1.98001,3.68527,2.49082,1.83437,0,0.00103073,0.00103073,0.00103073
150,3138.89,1.47441,2.69424,1.47294,1.45453,0,0.36145,0.47368,0.29232,0.1205,0.36145,0.47368,0.33157,0.09867,2.02127,3.7019,2.49579,1.84863,0,0.00102037,0.00102037,0.00102037
151,3160.08,1.44158,2.72324,1.35577,1.43001,0,0.47313,0.5,0.36089,0.15884,0.44936,0.47368,0.37804,0.11036,1.98055,3.75008,2.48564,1.85668,0,0.00101,0.00101,0.00101
152,3180.61,1.5432,2.81529,1.68296,1.67546,0,0.37309,0.39474,0.26603,0.14243,0.39975,0.42105,0.36016,0.10393,2.00261,3.86129,2.56142,1.84931,0,0.000999633,0.000999633,0.000999633
153,3200.36,1.44889,2.33944,1.40398,1.43696,0,0.37309,0.39474,0.26603,0.14243,0.39975,0.42105,0.36016,0.10393,2.00261,3.86129,2.56142,1.84931,0,0.000989267,0.000989267,0.000989267
154,3219.37,1.40521,2.33778,1.50283,1.43184,0,0.33462,0.31579,0.22683,0.11327,0.4201,0.31579,0.29843,0.0819,2.04183,3.96807,2.72344,1.87103,0,0.000978903,0.000978903,0.000978903
155,3238.64,1.42837,2.44316,1.37855,1.4135,0,0.31242,0.34211,0.20985,0.0884,0.37293,0.28947,0.2724,0.06622,2.11514,4.10218,2.68386,1.90123,0,0.000968543,0.000968543,0.000968543
156,3257.99,1.46497,3.01094,1.47763,1.52451,0,0.29914,0.39474,0.23118,0.09302,0.31887,0.36842,0.25089,0.07722,2.21311,4.03446,2.66881,1.99684,0,0.000958187,0.000958187,0.000958187
157,3284.18,1.46845,2.65618,1.57997,1.54375,0,0.29914,0.39474,0.23118,0.09302,0.31887,0.36842,0.25089,0.07722,2.21311,4.03446,2.66881,1.99684,0,0.000947837,0.000947837,0.000947837
158,3306.46,1.57256,3.35043,1.60975,1.65335,0,0.27987,0.42105,0.24115,0.09252,0.27987,0.42105,0.26288,0.08474,2.24369,3.73862,2.60948,2.05009,0,0.000937494,0.000937494,0.000937494
159,3326.73,1.2505,2.1825,1.21237,1.28902,0,0.2619,0.52632,0.24403,0.09022,0.35245,0.39474,0.24634,0.08627,2.19004,3.614,2.58117,1.98768,0,0.000927159,0.000927159,0.000927159
160,3346.11,1.36778,2.5245,1.31296,1.40342,0,0.31251,0.42105,0.23281,0.08481,0.30836,0.36842,0.23817,0.07187,2.13728,3.6802,2.6095,1.94944,0,0.000916833,0.000916833,0.000916833
161,3368.55,1.34204,2.33118,1.36829,1.36512,0,0.31251,0.42105,0.23281,0.08481,0.30836,0.36842,0.23817,0.07187,2.13728,3.6802,2.6095,1.94944,0,0.000906517,0.000906517,0.000906517
162,3392.06,1.43142,2.39967,1.31805,1.40283,0,0.32233,0.39474,0.24183,0.09158,0.35686,0.36842,0.23997,0.07604,2.12288,3.77535,2.78238,1.92536,0,0.000896212,0.000896212,0.000896212
163,3416.21,1.52997,2.72242,1.4118,1.51111,0,0.30707,0.42105,0.22326,0.09055,0.32848,0.43779,0.24745,0.07676,2.05712,3.81148,3.03046,1.89373,0,0.00088592,0.00088592,0.00088592
164,3439.99,1.41065,2.38352,1.3052,1.40363,0,0.27382,0.44737,0.22303,0.07898,0.27382,0.44737,0.2208,0.06622,2.07485,3.87491,3.37494,1.93075,0,0.000875642,0.000875642,0.000875642
165,3464.02,1.43971,2.42307,1.46035,1.40675,0,0.27382,0.44737,0.22303,0.07898,0.27382,0.44737,0.2208,0.06622,2.07485,3.87491,3.37494,1.93075,0,0.000865378,0.000865378,0.000865378
166,3487.9,1.43784,2.33509,1.23814,1.43452,0,0.32232,0.39474,0.2837,0.10507,0.34502,0.42105,0.3098,0.09272,2.0002,3.86338,3.06602,1.87195,0,0.00085513,0.00085513,0.00085513
167,3510.99,1.31117,2.36543,1.29753,1.35343,0,0.26154,0.41021,0.31791,0.12595,0.4095,0.34211,0.33139,0.10581,1.98209,3.87372,2.81173,1.86389,0,0.000844899,0.000844899,0.000844899
168,3534.97,1.42608,2.64425,1.43534,1.42229,0,0.31975,0.5,0.33619,0.15505,0.51582,0.34211,0.36137,0.11744,1.89848,3.82887,2.6569,1.77444,0,0.000834686,0.000834686,0.000834686
169,3557.54,1.23773,2.28646,1.13009,1.31212,0,0.31975,0.5,0.33619,0.15505,0.51582,0.34211,0.36137,0.11744,1.89848,3.82887,2.6569,1.77444,0,0.000824492,0.000824492,0.000824492
170,3580.74,1.40737,2.54226,1.27378,1.47746,0,0.35617,0.49505,0.36686,0.16917,0.35617,0.49505,0.38345,0.13223,1.84435,3.49231,2.2624,1.67136,0,0.000814319,0.000814319,0.000814319
171,3605.62,1.38016,2.26669,1.2873,1.42903,0,0.35621,0.50973,0.37443,0.17409,0.3746,0.53605,0.41167,0.13205,1.88652,3.46973,2.08746,1.71856,0,0.000804167,0.000804167,0.000804167
172,3628.57,1.35638,2.5682,1.3157,1.46873,0,0.4777,0.44737,0.36395,0.16695,0.4919,0.42105,0.3527,0.12403,1.91212,3.47593,2.10238,1.7396,0,0.000794038,0.000794038,0.000794038
173,3649.8,1.37591,2.43465,1.34942,1.46112,0,0.4777,0.44737,0.36395,0.16695,0.4919,0.42105,0.3527,0.12403,1.91212,3.47593,2.10238,1.7396,0,0.000783933,0.000783933,0.000783933
174,3670.61,1.45692,2.50853,1.41759,1.50254,0,0.37161,0.5,0.34674,0.16165,0.35163,0.47368,0.32244,0.11709,1.91497,3.45406,2.17349,1.7712,0,0.000773852,0.000773852,0.000773852
175,3691.17,1.33066,2.26157,1.24014,1.41565,0,0.49576,0.36842,0.3501,0.15921,0.35739,0.49764,0.32061,0.11642,1.92117,3.46611,2.2374,1.78834,0,0.000763797,0.000763797,0.000763797
176,3711.9,1.36578,2.37126,1.2707,1.39104,0,0.33575,0.39474,0.29581,0.13115,0.41002,0.28947,0.28328,0.11087,1.9106,3.46839,2.28431,1.78831,0,0.000753769,0.000753769,0.000753769
177,3731.57,1.3302,2.40011,1.17355,1.42257,0,0.33575,0.39474,0.29581,0.13115,0.41002,0.28947,0.28328,0.11087,1.9106,3.46839,2.28431,1.78831,0,0.000743769,0.000743769,0.000743769
178,3751.21,1.27859,2.30786,1.27536,1.41849,0,0.28654,0.5,0.27222,0.12403,0.28464,0.5,0.27159,0.10622,1.88478,3.45193,2.29529,1.7727,0,0.000733799,0.000733799,0.000733799
179,3772.17,1.49348,2.45612,1.29799,1.44913,0,0.429,0.31637,0.28568,0.13669,0.43948,0.30967,0.2972,0.12469,1.82036,3.37681,2.29288,1.73278,0,0.000723859,0.000723859,0.000723859
180,3792.4,1.33225,2.38158,1.26988,1.37535,0,0.30381,0.5,0.31612,0.14997,0.454,0.31579,0.31284,0.13257,1.79951,3.37452,2.26488,1.7113,0,0.00071395,0.00071395,0.00071395
181,3812.38,1.34781,2.40989,1.28804,1.36758,0,0.30381,0.5,0.31612,0.14997,0.454,0.31579,0.31284,0.13257,1.79951,3.37452,2.26488,1.7113,0,0.000704073,0.000704073,0.000704073
182,3832.53,1.2636,2.1743,1.17029,1.28667,0,0.37105,0.42105,0.33443,0.16317,0.34786,0.39474,0.32665,0.13942,1.7732,3.39215,2.23869,1.70879,0,0.00069423,0.00069423,0.00069423
183,3851.72,1.30673,2.426,1.32001,1.36501,0,0.45596,0.42105,0.31555,0.16141,0.53478,0.36842,0.35741,0.13787,1.7606,3.41041,2.20957,1.71354,0,0.000684422,0.000684422,0.000684422
184,3871.17,1.27682,2.37026,1.16672,1.3418,0,0.48718,0.39474,0.33032,0.16159,0.58264,0.39474,0.35624,0.13802,1.80201,3.44307,2.20855,1.76205,0,0.000674649,0.000674649,0.000674649
185,3889.71,1.29081,2.29214,1.31123,1.306,0,0.48718,0.39474,0.33032,0.16159,0.58264,0.39474,0.35624,0.13802,1.80201,3.44307,2.20855,1.76205,0,0.000664914,0.000664914,0.000664914
186,3908.46,1.38571,2.43654,1.35988,1.35567,0,0.47672,0.39474,0.32157,0.16276,0.54198,0.39474,0.37132,0.14508,1.85991,3.45184,2.1833,1.85434,0,0.000655216,0.000655216,0.000655216
187,3929.15,1.48865,2.44483,1.40492,1.45985,0,0.46924,0.36842,0.34674,0.18833,0.47812,0.36842,0.35438,0.15374,1.87746,3.46695,2.15332,1.87159,0,0.000645557,0.000645557,0.000645557
188,3952.69,1.50477,2.62838,1.39439,1.50461,0,0.44334,0.44028,0.36339,0.19825,0.45024,0.42105,0.36701,0.15599,1.8483,3.49988,2.15919,1.83043,0,0.000635938,0.000635938,0.000635938
189,3972.59,1.33812,2.0644,1.18321,1.39481,0,0.44334,0.44028,0.36339,0.19825,0.45024,0.42105,0.36701,0.15599,1.8483,3.49988,2.15919,1.83043,0,0.00062636,0.00062636,0.00062636
190,3992.49,1.3308,2.22147,1.17915,1.33508,0,0.41639,0.47368,0.36508,0.18999,0.3977,0.44737,0.36825,0.15269,1.89179,3.54707,2.14077,1.88507,0,0.000616824,0.000616824,0.000616824
191,4012.23,1.31433,2.17695,1.18636,1.38242,0,0.35819,0.55263,0.36238,0.17746,0.36039,0.55263,0.37761,0.14612,1.94529,3.63704,2.13067,1.93291,0,0.000607331,0.000607331,0.000607331
192,4032.32,1.39399,2.49658,1.27644,1.42022,0,0.27411,0.58637,0.31919,0.15814,0.28575,0.61069,0.34117,0.13193,2.00962,3.67675,2.19099,1.99117,0,0.000597882,0.000597882,0.000597882
193,4052.4,1.28727,2.37341,1.15526,1.28302,0,0.27411,0.58637,0.31919,0.15814,0.28575,0.61069,0.34117,0.13193,2.00962,3.67675,2.19099,1.99117,0,0.000588479,0.000588479,0.000588479
194,4072.49,1.36928,2.22208,1.23007,1.43009,0,0.24658,0.47368,0.29659,0.14107,0.37921,0.31579,0.31277,0.11803,2.05055,3.67193,2.22988,2.04431,0,0.000579121,0.000579121,0.000579121
195,4092.31,1.44588,2.62191,1.25656,1.4567,0,0.36349,0.31579,0.27924,0.13299,0.39447,0.34211,0.29528,0.1177,2.09177,3.68165,2.27305,2.06483,0,0.000569811,0.000569811,0.000569811
196,4110.7,1.25752,2.28164,1.23245,1.34125,0,0.37308,0.26633,0.26162,0.12353,0.41256,0.28947,0.29444,0.10854,2.13153,3.68436,2.24826,2.08154,0,0.000560549,0.000560549,0.000560549
197,4129.87,1.42938,2.17276,1.25605,1.38059,0,0.37308,0.26633,0.26162,0.12353,0.41256,0.28947,0.29444,0.10854,2.13153,3.68436,2.24826,2.08154,0,0.000551337,0.000551337,0.000551337
198,4148.49,1.35363,2.32146,1.13551,1.36772,0,0.3602,0.28168,0.26664,0.12813,0.39196,0.30557,0.29185,0.11068,2.08507,3.62011,2.21299,2.00032,0,0.000542175,0.000542175,0.000542175
199,4167.73,1.35949,2.62112,1.3499,1.39762,0,0.33605,0.39474,0.27577,0.12314,0.35197,0.42105,0.30968,0.11021,2.04896,3.5794,2.19015,1.92828,0,0.000533064,0.000533064,0.000533064
200,4188.79,1.24852,2.25092,1.05335,1.3049,0,0.35169,0.39474,0.27869,0.11555,0.35169,0.39474,0.30273,0.09712,1.99623,3.56495,2.19334,1.87906,0,0.000524005,0.000524005,0.000524005
201,4208.27,1.31182,2.33213,1.14031,1.37297,0,0.35169,0.39474,0.27869,0.11555,0.35169,0.39474,0.30273,0.09712,1.99623,3.56495,2.19334,1.87906,0,0.000515,0.000515,0.000515
202,4229.86,1.34651,2.28034,1.27601,1.35725,0,0.34376,0.35856,0.3033,0.12816,0.37273,0.36842,0.32242,0.10635,1.97003,3.53636,2.20858,1.872,0,0.000506049,0.000506049,0.000506049
203,4251.24,1.29485,2.53766,1.59299,1.40617,0,0.29505,0.47368,0.27336,0.13146,0.38483,0.34211,0.32834,0.10675,1.96467,3.58017,2.28395,1.83338,0,0.000497153,0.000497153,0.000497153
204,4273.35,1.29667,2.10543,1.11995,1.33536,0,0.2255,0.39474,0.24011,0.10823,0.37603,0.34211,0.31523,0.08773,1.96741,3.69056,2.37776,1.84624,0,0.000488314,0.000488314,0.000488314
205,4293.45,1.27846,2.18727,1.28785,1.3092,0,0.2255,0.39474,0.24011,0.10823,0.37603,0.34211,0.31523,0.08773,1.96741,3.69056,2.37776,1.84624,0,0.000479531,0.000479531,0.000479531
206,4314.59,1.32842,2.39141,1.16017,1.36866,0,0.28765,0.26316,0.21021,0.09318,0.39706,0.34211,0.29441,0.08336,1.99391,3.77417,2.39314,1.9146,0,0.000470807,0.000470807,0.000470807
207,4337.44,1.43477,2.43216,1.15746,1.41378,0,0.2148,0.39474,0.2246,0.09127,0.36121,0.26316,0.26553,0.0795,2.02388,3.85705,2.40413,1.93469,0,0.000462142,0.000462142,0.000462142
208,4359.41,1.44576,2.23253,1.24335,1.49835,0,0.24805,0.40811,0.23854,0.10677,0.24805,0.40811,0.29094,0.08993,1.97499,3.85247,2.39947,1.90431,0,0.000453537,0.000453537,0.000453537
209,4380.63,1.28376,2.06945,1.09494,1.33954,0,0.24805,0.40811,0.23854,0.10677,0.24805,0.40811,0.29094,0.08993,1.97499,3.85247,2.39947,1.90431,0,0.000444994,0.000444994,0.000444994
210,4401.18,1.32353,2.10751,1.12148,1.37656,0,0.24628,0.44737,0.27074,0.11408,0.38819,0.25073,0.29844,0.09121,1.92629,3.77222,2.36274,1.84003,0,0.000436512,0.000436512,0.000436512
211,4422.57,1.25333,2.14753,1.10508,1.32635,0,0.28217,0.34211,0.27912,0.1121,0.37474,0.28947,0.30121,0.09986,1.89726,3.70316,2.35092,1.82399,0,0.000428093,0.000428093,0.000428093
212,4444.69,1.27343,2.30914,1.14126,1.3972,0,0.35829,0.28947,0.26315,0.11644,0.39341,0.31579,0.28788,0.10391,1.90046,3.65044,2.33362,1.82509,0,0.000419737,0.000419737,0.000419737
213,4467.45,1.39167,2.48476,1.27585,1.3817,0,0.35829,0.28947,0.26315,0.11644,0.39341,0.31579,0.28788,0.10391,1.90046,3.65044,2.33362,1.82509,0,0.000411447,0.000411447,0.000411447
214,4489.92,1.4408,2.32745,1.29147,1.38601,0,0.37363,0.31579,0.25725,0.11287,0.38654,0.31579,0.27739,0.10048,1.923,3.68944,2.35737,1.85806,0,0.000403222,0.000403222,0.000403222
215,4511.47,1.35949,2.41539,1.27707,1.39712,0,0.27458,0.42105,0.25536,0.10889,0.25741,0.39474,0.28188,0.09739,1.97664,3.69579,2.39227,1.93361,0,0.000395064,0.000395064,0.000395064
