segment_id,class,area_px,area_pct,confidence,conf_sulfide,cx,cy
559,normal,860980,0.66558,0.9123,0.983,11069,3064
7,normal,222597,0.17208,0.5362,0.978,12999,352
4,normal,212138,0.16399,0.5469,0.9571,9112,227
1628,normal,183686,0.142,0.7907,0.9826,3107,7714
604,normal,179591,0.13883,0.7414,0.9803,12995,3053
1235,fine,176513,0.13645,0.5331,0.9623,10368,5076
1110,normal,175577,0.13573,0.5468,0.9658,3986,4644
1480,normal,146800,0.11348,0.8731,0.9756,224,7071
1426,fine,139816,0.10809,0.6211,0.9622,867,6515
1975,normal,117887,0.09113,0.5013,0.9582,4511,8900
219,fine,111867,0.08648,0.6544,0.9523,7210,1113
1650,normal,105931,0.08189,0.652,0.9736,787,7642
1683,normal,104066,0.08045,0.7148,0.9783,2279,7669
1331,normal,102396,0.07916,0.6558,0.9734,3812,5495
1472,normal,101310,0.07832,0.5941,0.9521,8042,6975
1903,fine,99571,0.07697,0.502,0.9609,4897,8505
1341,normal,99141,0.07664,0.5112,0.9619,9981,5646
922,normal,94134,0.07277,0.6937,0.9798,9615,3966
638,fine,76294,0.05898,0.6608,0.9542,1419,3034
779,fine,74770,0.0578,0.7325,0.9554,1921,3526
1536,normal,74156,0.05733,0.555,0.9733,1361,7266
1308,fine,71236,0.05507,0.7067,0.9596,2167,5438
568,normal,66052,0.05106,0.5151,0.9591,6918,2612
1793,normal,64759,0.05006,0.6433,0.9775,1182,8173
1485,normal,64400,0.04978,0.5485,0.9774,2320,7015
1859,normal,62612,0.0484,0.5666,0.9734,1681,8216
1350,fine,53017,0.04099,0.6111,0.9566,10675,5659
553,normal,51354,0.0397,0.7799,0.9759,13252,2535
649,fine,44318,0.03426,0.5895,0.9625,9617,2991
1976,normal,40266,0.03113,0.543,0.9708,7317,8746
1619,normal,39860,0.03081,0.7298,0.9765,559,7422
1406,fine,39671,0.03067,0.5423,0.966,5605,6240
1456,fine,37959,0.02934,0.7652,0.9609,2907,6752
1740,fine,35771,0.02765,0.508,0.9702,1382,7751
523,fine,34986,0.02705,0.7038,0.9565,1249,2372
1543,normal,34151,0.0264,0.5486,0.9758,3774,7153
107,fine,33459,0.02587,0.8369,0.9731,11723,516
451,fine,30674,0.02371,0.5448,0.9462,12868,1971
1349,normal,28878,0.02232,0.6596,0.97,3813,5692
330,fine,28758,0.02223,0.5281,0.9597,12138,1464
1461,normal,26822,0.02073,0.5497,0.9551,7666,6723
1368,fine,25256,0.01952,0.5974,0.931,3129,5809
1217,fine,24028,0.01857,0.7013,0.9591,2543,4856
1329,normal,23063,0.01783,0.501,0.9784,11806,5471
1079,fine,21938,0.01696,0.6763,0.9661,1463,4314
137,fine,21879,0.01691,0.8391,0.9578,11100,582
456,normal,20899,0.01616,0.56,0.9653,13261,1970
1979,fine,20580,0.01591,0.6485,0.9671,1742,8774
1403,normal,20560,0.01589,0.7812,0.9738,30,6315
1342,fine,20323,0.01571,0.5867,0.9454,8310,5535
1506,fine,19690,0.01522,0.6152,0.9637,13086,7016
740,fine,18891,0.0146,0.7198,0.9599,1950,3361
1427,fine,18537,0.01433,0.6571,0.95,2871,6454
1400,fine,18282,0.01413,0.5765,0.9544,9823,6133
1680,normal,18126,0.01401,0.5346,0.9753,1866,7535
348,fine,17949,0.01388,0.6516,0.9552,7332,1520
861,fine,17821,0.01378,0.6281,0.9361,1016,3722
1569,normal,17752,0.01372,0.5556,0.9655,3024,7211
2106,fine,17661,0.01365,0.6377,0.9665,449,9206
1453,fine,17546,0.01356,0.5643,0.9797,10917,6646
968,fine,17350,0.01341,0.5775,0.9665,10818,3980
353,normal,17303,0.01338,0.5415,0.9682,11491,1538
1219,fine,17139,0.01325,0.5186,0.9726,10085,4872
969,fine,16808,0.01299,0.7119,0.9462,1658,3965
121,fine,16641,0.01286,0.563,0.9705,9538,511
1603,fine,16419,0.01269,0.6782,0.9551,12282,7289
731,fine,16309,0.01261,0.6215,0.9551,13217,3347
1747,fine,15799,0.01221,0.8341,0.9456,12857,7692
364,normal,15580,0.01204,0.5453,0.9618,10971,1596
1162,fine,15530,0.01201,0.6346,0.9779,9968,4592
1803,fine,15435,0.01193,0.5668,0.9702,320,7884
1234,fine,15211,0.01176,0.6454,0.9711,1971,4911
1402,fine,14550,0.01125,0.5745,0.9523,10166,6141
706,fine,14520,0.01122,0.5346,0.954,35,3294
1262,fine,14481,0.01119,0.6451,0.9528,1515,5008
491,fine,14475,0.01119,0.5311,0.9309,77,2144
1395,normal,14436,0.01116,0.6086,0.965,1968,6096
525,fine,14204,0.01098,0.5022,0.923,1762,2361
318,fine,13981,0.01081,0.6193,0.9317,12553,1406
1821,normal,13866,0.01072,0.6892,0.9738,1774,7936
1587,normal,13863,0.01072,0.5519,0.9667,13314,7241
2075,normal,13752,0.01063,0.5136,0.9726,13357,9082
95,fine,13265,0.01025,0.6313,0.9487,10207,410
682,fine,13164,0.01018,0.5967,0.9374,9982,3121
1774,fine,12933,0.01,0.6983,0.9767,2622,7824
1666,fine,12597,0.00974,0.6008,0.9527,6941,7513
1318,fine,12491,0.00966,0.6113,0.9551,10032,5359
1867,normal,12392,0.00958,0.517,0.9602,4325,8084
2150,fine,12018,0.00929,0.5064,0.9774,9612,9592
1723,normal,11869,0.00918,0.7258,0.9648,468,7633
1955,fine,11626,0.00899,0.6078,0.9716,7031,8618
1462,fine,11508,0.0089,0.8758,0.976,13340,6671
186,fine,11493,0.00888,0.9191,0.9705,13199,821
1107,fine,11490,0.00888,0.9172,0.9611,13176,4400
1312,fine,11234,0.00868,0.6344,0.9516,9813,5283
1789,fine,11164,0.00863,0.6352,0.9555,3499,7849
1660,fine,11084,0.00857,0.6005,0.951,4403,7483
1165,fine,10948,0.00846,0.5962,0.9749,9107,4586
865,fine,10864,0.0084,0.6305,0.955,8078,3686
1391,normal,10814,0.00836,0.6091,0.9349,1847,6035
1133,fine,10718,0.00829,0.6166,0.9722,9924,4440
1336,fine,10532,0.00814,0.7179,0.9636,1937,5466
643,fine,10341,0.00799,0.7298,0.9595,7430,2919
1319,normal,10308,0.00797,0.5517,0.9765,38,5370
2021,fine,10275,0.00794,0.7661,0.9729,1148,8798
58,fine,10204,0.00789,0.7148,0.9678,5826,305
1804,normal,10166,0.00786,0.6293,0.9556,1943,7862
1937,fine,9896,0.00765,0.8529,0.9704,10730,8545
1593,fine,9822,0.00759,0.6133,0.9638,8922,7231
1280,fine,9596,0.00742,0.6297,0.9726,221,5107
1855,fine,9533,0.00737,0.6551,0.9619,678,8034
1212,fine,9453,0.00731,0.6208,0.9642,9750,4791
1922,fine,9212,0.00712,0.87,0.9701,10569,8511
592,normal,9160,0.00708,0.867,0.9667,13140,2674
337,fine,9121,0.00705,0.7187,0.9587,1811,1481
1398,fine,8913,0.00689,0.6423,0.9488,10380,6104
673,fine,8835,0.00683,0.5611,0.9613,12644,3086
486,fine,8831,0.00683,0.7198,0.9751,5002,2074
2000,fine,8706,0.00673,0.6361,0.9541,1448,8753
1609,normal,8655,0.00669,0.6491,0.9712,2134,7336
1706,fine,8649,0.00669,0.6002,0.952,6842,7584
556,fine,8574,0.00663,0.6832,0.9353,12131,2461
720,fine,8428,0.00652,0.7467,0.9566,12270,3331
1630,fine,8411,0.0065,0.7254,0.9733,1735,7373
1145,fine,8380,0.00648,0.7102,0.97,10963,4500
1432,normal,8300,0.00642,0.5304,0.9462,8246,6441
1387,fine,8262,0.00639,0.6847,0.9644,13287,5950
598,normal,8251,0.00638,0.8505,0.9666,11719,2707
1392,fine,8174,0.00632,0.5589,0.8936,2973,6097
1915,fine,8145,0.0063,0.7777,0.9512,6085,8445
1483,fine,7894,0.0061,0.6441,0.9477,13081,6882
1409,fine,7812,0.00604,0.6011,0.9099,3030,6306
1232,fine,7666,0.00593,0.8453,0.9741,12091,4912
593,fine,7662,0.00592,0.6682,0.9495,6489,2674
301,normal,7583,0.00586,0.6431,0.9447,11510,1329
1334,fine,7497,0.0058,0.561,0.9493,9817,5419
1255,fine,7417,0.00573,0.6753,0.9685,2640,4984
195,fine,7402,0.00572,0.9215,0.9665,12257,799
127,fine,7371,0.0057,0.5286,0.9647,1265,473
1528,fine,7166,0.00554,0.9008,0.9602,2637,7047
992,fine,7138,0.00552,0.8872,0.9644,5081,4000
563,fine,6889,0.00533,0.5467,0.922,1492,2510
543,fine,6653,0.00514,0.5505,0.9233,3573,2397
2046,fine,6591,0.0051,0.728,0.9576,1162,8939
1988,fine,6574,0.00508,0.6778,0.9714,9044,8685
1152,fine,6573,0.00508,0.7428,0.9664,1380,4517
1958,fine,6568,0.00508,0.6432,0.9631,1746,8592
118,fine,6548,0.00506,0.5234,0.9639,8884,488
1468,fine,6483,0.00501,0.7194,0.9239,6498,6694
1890,fine,6463,0.005,0.7391,0.9337,6152,8240
755,fine,6330,0.00489,0.8445,0.9682,4706,3429
423,fine,6327,0.00489,0.624,0.9544,12171,1747
1586,fine,6314,0.00488,0.6905,0.959,1633,7211
2043,fine,6311,0.00488,0.8991,0.969,10568,8927
540,normal,6295,0.00487,0.8596,0.9381,11481,2374
1940,fine,6280,0.00485,0.7369,0.9566,6131,8545
1880,fine,6257,0.00484,0.6034,0.9373,13249,8149
1807,fine,6148,0.00475,0.7942,0.9591,6279,7869
1288,fine,6066,0.00469,0.7689,0.9606,11996,5108
1185,fine,6064,0.00469,0.6021,0.966,2474,4664
1436,fine,6043,0.00467,0.748,0.9718,6927,6498
1930,fine,6032,0.00466,0.7938,0.9607,7822,8464
1981,fine,5992,0.00463,0.8579,0.9631,10304,8668
113,fine,5813,0.00449,0.5174,0.944,8746,459
2023,fine,5689,0.0044,0.8846,0.9601,2681,8843
1494,fine,5688,0.0044,0.748,0.9568,13246,6917
776,fine,5656,0.00437,0.6138,0.9186,2513,3455
1075,fine,5624,0.00435,0.5911,0.9581,9830,4297
1971,normal,5613,0.00434,0.6009,0.9609,7184,8642
773,fine,5612,0.00434,0.6037,0.9696,6866,3453
1401,normal,5589,0.00432,0.5545,0.9679,2128,6120
606,fine,5589,0.00432,0.5692,0.959,7253,2742
1883,fine,5399,0.00417,0.7174,0.9659,6313,8176
278,fine,5355,0.00414,0.6506,0.9309,6944,1140
1962,fine,5347,0.00413,0.8811,0.9627,2906,8609
1572,fine,5327,0.00412,0.6759,0.9711,6941,7155
454,fine,5252,0.00406,0.5759,0.9583,2047,1878
1470,fine,5247,0.00406,0.6435,0.8915,6366,6718
549,fine,5230,0.00404,0.5504,0.9115,3403,2432
1768,fine,5192,0.00401,0.7872,0.9552,6231,7756
1459,fine,5190,0.00401,0.7454,0.9787,6852,6634
1926,fine,5174,0.004,0.8756,0.9623,10299,8469
347,fine,5149,0.00398,0.5495,0.904,6400,1499
1410,normal,5134,0.00397,0.5033,0.925,11158,6234
1346,fine,5134,0.00397,0.663,0.9406,4374,5561
1717,fine,5108,0.00395,0.6844,0.9722,9288,7593
1777,normal,5075,0.00392,0.5123,0.9653,1822,7796
429,fine,5062,0.00391,0.5774,0.9238,12841,1756
475,fine,5049,0.0039,0.7481,0.8993,4742,2017
501,fine,4982,0.00385,0.7659,0.9639,11887,2148
1374,fine,4975,0.00385,0.6473,0.9298,11040,5792
1365,fine,4900,0.00379,0.8814,0.9707,13362,5712
942,fine,4886,0.00378,0.8828,0.9624,4824,3826
1558,fine,4875,0.00377,0.6623,0.9746,6852,7104
2078,fine,4870,0.00376,0.6957,0.9553,1159,9023
414,fine,4862,0.00376,0.6732,0.9578,1737,1702
1759,fine,4845,0.00375,0.6873,0.9605,1646,7729
982,fine,4826,0.00373,0.9109,0.9691,11657,3944
1935,fine,4745,0.00367,0.7717,0.9727,7934,8471
1523,fine,4711,0.00364,0.6254,0.9267,12344,7018
1997,normal,4710,0.00364,0.5474,0.9641,7124,8703
1929,fine,4703,0.00364,0.6639,0.9622,1753,8445
1931,fine,4663,0.0036,0.8548,0.9722,7594,8445
1689,fine,4565,0.00353,0.7319,0.972,9605,7528
550,fine,4535,0.00351,0.6568,0.9657,4572,2424
274,fine,4500,0.00348,0.6042,0.9524,11687,1105
312,fine,4492,0.00347,0.6892,0.9556,7379,1353
1694,fine,4471,0.00346,0.6475,0.9655,2602,7546
1607,normal,4433,0.00343,0.7538,0.9686,17,7302
71,normal,4392,0.0034,0.5093,0.9131,7684,291
1541,fine,4378,0.00338,0.8197,0.9536,2751,7061
855,fine,4365,0.00337,0.6648,0.9693,8191,3637
524,normal,4363,0.00337,0.5223,0.953,12976,2332
243,fine,4344,0.00336,0.8541,0.9602,11907,948
1037,normal,4334,0.00335,0.5319,0.9726,4339,4109
596,fine,4314,0.00333,0.5093,0.8887,72,2680
1805,fine,4308,0.00333,0.8734,0.9399,4055,7852
323,fine,4277,0.00331,0.7122,0.9532,10590,1394
74,fine,4272,0.0033,0.7388,0.9337,10944,281
1532,fine,4230,0.00327,0.7154,0.9708,2954,7051
1025,fine,4225,0.00327,0.7638,0.9635,5269,4064
748,fine,4216,0.00326,0.8084,0.938,2127,3381
1215,fine,4205,0.00325,0.6447,0.9622,1561,4789
2118,fine,4188,0.00324,0.6127,0.9216,5680,9241
316,normal,4124,0.00319,0.5668,0.9428,11402,1370
1115,fine,4122,0.00319,0.8246,0.967,8713,4398
1953,fine,4115,0.00318,0.9022,0.9478,5830,8593
566,normal,4111,0.00318,0.6789,0.962,12935,2492
1846,fine,4070,0.00315,0.6705,0.9672,2630,8001
282,fine,4061,0.00314,0.5815,0.9433,12367,1167
2068,fine,4057,0.00314,0.8121,0.9536,886,8986
1836,fine,4047,0.00313,0.7599,0.9435,562,7956
653,fine,4036,0.00312,0.6128,0.8904,4185,2947
1549,fine,4016,0.0031,0.8522,0.9679,3366,7100
1601,normal,4012,0.0031,0.578,0.9631,2384,7256
537,fine,4002,0.00309,0.7112,0.9581,4438,2379
686,fine,3991,0.00309,0.6061,0.9662,9541,3146
662,normal,3977,0.00307,0.589,0.963,10507,3009
1277,fine,3955,0.00306,0.8447,0.9678,13261,5041
1882,fine,3952,0.00306,0.6894,0.9373,3689,8138
143,fine,3940,0.00305,0.8332,0.9595,12712,569
2083,fine,3917,0.00303,0.5525,0.9267,12474,9057
395,fine,3886,0.003,0.594,0.8566,12497,1634
490,fine,3872,0.00299,0.7611,0.9609,11879,2070
1659,fine,3831,0.00296,0.6863,0.9207,2620,7414
1608,fine,3808,0.00294,0.5898,0.956,904,7272
1838,fine,3797,0.00294,0.693,0.9763,5753,7957
462,fine,3789,0.00293,0.5711,0.951,12965,1937
660,fine,3744,0.00289,0.6082,0.9444,10325,2986
351,fine,3739,0.00289,0.5417,0.9547,11039,1484
1761,fine,3721,0.00288,0.9393,0.9671,3915,7705
713,fine,3707,0.00287,0.7811,0.9554,12798,3253
1311,fine,3704,0.00286,0.597,0.9286,8559,5271
1712,fine,3694,0.00286,0.6448,0.9313,8943,7555
1757,fine,3658,0.00283,0.7634,0.9251,12583,7709
43,fine,3639,0.00281,0.662,0.9548,4431,163
1069,fine,3625,0.0028,0.8227,0.94,8712,4216
1452,fine,3594,0.00278,0.8152,0.9546,13142,6622
1841,normal,3573,0.00276,0.6052,0.9328,1954,7990
1520,fine,3570,0.00276,0.7067,0.9615,3054,7013
428,fine,3545,0.00274,0.5736,0.9574,12752,1749
1446,fine,3523,0.00272,0.7634,0.9052,6814,6559
72,fine,3503,0.00271,0.6766,0.9427,6078,281
1771,fine,3484,0.00269,0.5044,0.945,177,7754
1359,fine,3475,0.00269,0.5617,0.967,4029,5642
704,fine,3456,0.00267,0.8416,0.9653,12552,3211
1729,fine,3443,0.00266,0.6524,0.9703,10531,7618
961,fine,3439,0.00266,0.8778,0.9599,5585,3909
2095,fine,3436,0.00266,0.5641,0.9038,6489,9102
1380,fine,3434,0.00265,0.7137,0.9413,13219,5840
1160,fine,3423,0.00265,0.5765,0.9707,7668,4524
23,normal,3422,0.00265,0.671,0.9548,12815,96
1289,fine,3414,0.00264,0.6871,0.9131,2118,5102
783,fine,3387,0.00262,0.8843,0.9389,12525,3457
727,normal,3375,0.00261,0.562,0.9677,13394,3302
1014,fine,3366,0.0026,0.8738,0.9609,4875,4007
875,fine,3341,0.00258,0.6148,0.9252,713,3681
680,fine,3318,0.00256,0.6942,0.9547,7459,3090
557,fine,3317,0.00256,0.5877,0.8822,3625,2465
772,fine,3315,0.00256,0.8353,0.9596,4399,3432
1225,fine,3284,0.00254,0.5883,0.9662,9848,4844
1725,fine,3283,0.00254,0.7868,0.9255,6147,7607
2100,fine,3269,0.00253,0.7203,0.8903,771,9160
275,fine,3268,0.00253,0.6189,0.8631,5520,1105
1713,fine,3240,0.0025,0.8375,0.9279,12641,7573
1231,fine,3215,0.00249,0.5564,0.9628,9961,4861
848,fine,3204,0.00248,0.5285,0.918,483,3611
59,normal,3188,0.00246,0.5166,0.8786,7509,250
249,fine,3183,0.00246,0.8546,0.9661,12166,966
2029,fine,3168,0.00245,0.9013,0.9341,2740,8823
1060,fine,3147,0.00243,0.8344,0.9657,5137,4167
1298,normal,3132,0.00242,0.5094,0.9597,3612,5180
1944,fine,3125,0.00242,0.8029,0.9643,2981,8504
1193,fine,3123,0.00241,0.624,0.9421,9920,4708
1939,fine,3072,0.00237,0.8525,0.9529,10271,8512
705,fine,2968,0.00229,0.6301,0.9462,11877,3237
1622,fine,2967,0.00229,0.7028,0.9632,1593,7321
644,normal,2964,0.00229,0.9077,0.9554,13081,2894
555,fine,2959,0.00229,0.6453,0.9583,836,2433
34,fine,2953,0.00228,0.6501,0.8685,10912,131
110,fine,2952,0.00228,0.6799,0.9451,1928,418
18,fine,2917,0.00225,0.6993,0.9318,6108,81
1806,fine,2913,0.00225,0.7887,0.9564,13002,7845
1104,fine,2855,0.00221,0.5402,0.9171,2545,4339
1322,fine,2833,0.00219,0.6567,0.9149,12797,5370
683,fine,2807,0.00217,0.5808,0.8533,371,3113
332,normal,2800,0.00216,0.6374,0.9302,11501,1437
874,fine,2797,0.00216,0.6758,0.9534,8385,3659
771,fine,2786,0.00215,0.8252,0.9563,4280,3428
2101,fine,2783,0.00215,0.5498,0.8986,12687,9156
179,fine,2774,0.00214,0.5955,0.9475,4879,723
1816,normal,2762,0.00214,0.5736,0.9571,2785,7866
1208,fine,2741,0.00212,0.7362,0.9548,11512,4772
106,fine,2734,0.00211,0.5949,0.9427,7124,407
1290,fine,2731,0.00211,0.6643,0.934,2214,5119
1753,fine,2712,0.0021,0.6419,0.9264,8927,7674
2050,fine,2707,0.00209,0.8182,0.942,991,8932
1064,fine,2702,0.00209,0.7815,0.9153,8628,4171
1698,normal,2696,0.00208,0.7328,0.9544,2011,7535
2032,fine,2687,0.00208,0.5253,0.9168,5101,8824
211,fine,2668,0.00206,0.9128,0.9547,13051,841
1994,fine,2655,0.00205,0.6358,0.9427,1656,8678
1317,normal,2651,0.00205,0.6998,0.9683,3613,5310
1773,fine,2647,0.00205,0.831,0.9614,4160,7758
1272,fine,2604,0.00201,0.6827,0.9396,340,5020
135,fine,2599,0.00201,0.6682,0.9337,2183,502
869,fine,2592,0.002,0.8085,0.9456,10245,3667
2034,fine,2590,0.002,0.7692,0.9458,6903,8830
642,fine,2577,0.00199,0.625,0.9584,10348,2904
1378,fine,2565,0.00198,0.7167,0.96,2391,5810
1693,fine,2559,0.00198,0.5207,0.9659,2543,7522
1873,fine,2550,0.00197,0.6172,0.9527,3528,8098
1355,fine,2548,0.00197,0.6347,0.963,4121,5620
1984,fine,2538,0.00196,0.6302,0.9496,1536,8654
1539,normal,2536,0.00196,0.76,0.942,1184,7046
134,fine,2531,0.00196,0.6011,0.9409,3559,495
1751,fine,2528,0.00195,0.6084,0.8977,10408,7655
1314,fine,2507,0.00194,0.6302,0.9122,7964,5290
802,fine,2487,0.00192,0.5544,0.9153,421,3490
493,fine,2472,0.00191,0.6082,0.8853,948,2108
1083,fine,2453,0.0019,0.8245,0.9478,12129,4274
1906,fine,2441,0.00189,0.8855,0.9472,10440,8276
976,fine,2430,0.00188,0.7114,0.9677,4537,3918
433,fine,2424,0.00187,0.7159,0.9689,5284,1754
1897,fine,2422,0.00187,0.7908,0.9623,6753,8238
1302,fine,2397,0.00185,0.5558,0.9496,118,5199
603,normal,2380,0.00184,0.9027,0.9526,13077,2727
744,fine,2362,0.00183,0.9007,0.956,12663,3363
1226,fine,2361,0.00183,0.701,0.9644,11535,4834
746,fine,2357,0.00182,0.5189,0.945,2776,3357
1458,fine,2336,0.00181,0.7998,0.9733,6552,6617
547,fine,2332,0.0018,0.5083,0.9093,2033,2379
1158,fine,2324,0.0018,0.5918,0.9659,1583,4509
1024,fine,2303,0.00178,0.779,0.9625,12422,4021
1390,fine,2293,0.00177,0.5795,0.9138,2626,5996
1229,fine,2290,0.00177,0.7783,0.9323,2864,4863
1188,fine,2278,0.00176,0.5996,0.9506,9102,4691
349,fine,2252,0.00174,0.7263,0.9252,13118,1495
1450,fine,2250,0.00174,0.7607,0.9601,6899,6578
672,fine,2240,0.00173,0.6014,0.9173,9848,3045
17,normal,2237,0.00173,0.7983,0.9608,13180,62
2044,fine,2227,0.00172,0.7291,0.9178,5908,8900
1963,fine,2226,0.00172,0.6087,0.9385,5045,8594
1783,fine,2224,0.00172,0.5008,0.94,221,7793
1739,fine,2210,0.00171,0.7521,0.9243,12450,7619
759,fine,2200,0.0017,0.7877,0.9651,2242,3382
1357,fine,2196,0.0017,0.6805,0.9587,12298,5640
269,fine,2193,0.0017,0.6431,0.8966,6873,1091
131,fine,2191,0.00169,0.6033,0.9312,2392,489
1242,fine,2190,0.00169,0.7124,0.968,11626,4873
1321,normal,2170,0.00168,0.7376,0.9568,3663,5351
1824,normal,2144,0.00166,0.5595,0.9553,800,7874
1449,fine,2138,0.00165,0.8039,0.9509,6423,6567
2156,fine,2128,0.00165,0.5352,0.9663,10314,9623
1983,fine,2118,0.00164,0.6359,0.8801,7806,8640
1282,fine,2114,0.00163,0.8539,0.9592,12089,5045
1166,fine,2113,0.00163,0.7959,0.962,11120,4549
1623,fine,2111,0.00163,0.7319,0.962,1648,7308
287,fine,2108,0.00163,0.7265,0.9113,10455,1171
61,fine,2106,0.00163,0.6812,0.8681,2022,237
1868,fine,2102,0.00162,0.7276,0.952,9574,8063
1889,fine,2097,0.00162,0.5908,0.9479,11,8242
69,fine,2088,0.00161,0.6537,0.92,9965,273
851,fine,2069,0.0016,0.7014,0.9549,8335,3619
883,fine,2063,0.00159,0.8972,0.9597,4927,3693
436,fine,2062,0.00159,0.5525,0.909,13206,1762
6,fine,2061,0.00159,0.809,0.9398,10287,26
1957,fine,2059,0.00159,0.7309,0.9546,6961,8555
1431,fine,2053,0.00159,0.5825,0.8776,6125,6424
978,fine,2050,0.00158,0.8292,0.9592,12485,3915
1527,fine,2046,0.00158,0.6104,0.8897,6776,7013
1078,fine,2046,0.00158,0.8535,0.9632,4928,4242
1999,fine,2034,0.00157,0.6749,0.8869,12701,8681
1501,fine,2031,0.00157,0.6158,0.9615,8298,6935
1823,fine,2025,0.00157,0.6823,0.9485,10133,7884
216,fine,2025,0.00157,0.8411,0.9285,11344,827
1002,fine,2024,0.00156,0.6173,0.9485,10939,3963
1795,fine,2015,0.00156,0.7653,0.93,3556,7814
188,fine,2011,0.00155,0.9515,0.9379,11874,756
259,fine,2002,0.00155,0.6151,0.9227,10120,1030
703,fine,2000,0.00155,0.6835,0.9423,8768,3201
92,fine,1989,0.00154,0.7563,0.925,6932,361
1114,fine,1973,0.00153,0.615,0.9391,9744,4378
78,fine,1960,0.00152,0.6522,0.8893,11466,289
356,normal,1951,0.00151,0.6213,0.9327,11613,1500
1980,fine,1941,0.0015,0.6645,0.911,5178,8625
1067,fine,1938,0.0015,0.7046,0.9623,1537,4191
567,fine,1932,0.00149,0.6549,0.9267,4400,2489
1356,normal,1929,0.00149,0.5286,0.9638,5469,5625
1008,fine,1923,0.00149,0.7674,0.9451,4687,3995
81,fine,1916,0.00148,0.7035,0.9297,1852,315
1724,fine,1914,0.00148,0.5755,0.9538,3378,7593
655,fine,1911,0.00148,0.6421,0.9482,783,2956
1211,fine,1902,0.00147,0.7259,0.9481,12913,4763
1927,fine,1898,0.00147,0.876,0.9199,7706,8415
1699,fine,1883,0.00146,0.5858,0.9352,1183,7545
1961,fine,1845,0.00143,0.6996,0.909,12591,8572
2064,fine,1815,0.0014,0.8919,0.9507,10645,8958
1499,fine,1812,0.0014,0.6908,0.9367,13195,6947
457,normal,1804,0.00139,0.5107,0.8997,5952,1893
1639,normal,1800,0.00139,0.6799,0.9501,2857,7334
1905,fine,1799,0.00139,0.6884,0.9267,7339,8278
646,normal,1798,0.00139,0.6482,0.9552,10587,2900
1731,fine,1797,0.00139,0.5894,0.9033,1347,7613
1407,fine,1793,0.00139,0.6629,0.9587,8022,6172
227,fine,1787,0.00138,0.8841,0.9452,11962,897
1662,fine,1786,0.00138,0.7371,0.9661,5896,7430
955,fine,1769,0.00137,0.5334,0.9326,9244,3863
333,normal,1768,0.00137,0.5162,0.8028,2720,1435
1509,fine,1766,0.00137,0.5921,0.896,9076,6966
397,fine,1759,0.00136,0.5143,0.8875,2461,1637
792,fine,1757,0.00136,0.8968,0.9595,12694,3457
743,fine,1757,0.00136,0.5623,0.8615,340,3364
576,normal,1752,0.00135,0.7052,0.9447,10680,2554
1835,fine,1747,0.00135,0.9347,0.9507,3809,7950
684,normal,1742,0.00135,0.6488,0.9515,12869,3116
1256,fine,1738,0.00134,0.8004,0.9542,12506,4939
1293,fine,1733,0.00134,0.615,0.92,1123,5126
250,fine,1732,0.00134,0.5791,0.8984,6022,972
209,normal,1731,0.00134,0.5492,0.9392,7548,831
577,normal,1726,0.00133,0.5126,0.8896,12643,2560
588,normal,1725,0.00133,0.9388,0.9497,11605,2632
1732,fine,1713,0.00132,0.6487,0.8826,8815,7604
1169,fine,1705,0.00132,0.8866,0.9612,13290,4563
1503,fine,1694,0.00131,0.6084,0.9026,1724,6948
1769,fine,1681,0.0013,0.7149,0.9283,3481,7744
1535,fine,1677,0.0013,0.6358,0.9472,12952,7034
551,fine,1676,0.0013,0.5397,0.854,3299,2398
1960,fine,1673,0.00129,0.7357,0.9185,5286,8573
544,fine,1646,0.00127,0.6804,0.9092,1061,2375
676,fine,1641,0.00127,0.6101,0.9421,1130,3064
1809,fine,1629,0.00126,0.8059,0.9529,12877,7847
1310,fine,1623,0.00125,0.5085,0.9667,14,5269
361,fine,1620,0.00125,0.6187,0.8717,12621,1514
1756,fine,1608,0.00124,0.9454,0.9528,3830,7696
5,fine,1606,0.00124,0.5316,0.9121,9400,17
1576,normal,1599,0.00124,0.7554,0.9366,1214,7168
1202,fine,1595,0.00123,0.8018,0.8801,1293,4749
1701,normal,1590,0.00123,0.6341,0.9549,2741,7534
77,fine,1589,0.00123,0.6887,0.9244,10073,300
661,normal,1586,0.00123,0.7238,0.9423,10616,3008
584,fine,1571,0.00121,0.5878,0.9029,12353,2608
25,fine,1570,0.00121,0.5938,0.8942,5120,78
1120,fine,1568,0.00121,0.8642,0.9572,11937,4384
1735,normal,1568,0.00121,0.6013,0.9557,3293,7612
1782,fine,1564,0.00121,0.9081,0.9641,4033,7774
1954,fine,1564,0.00121,0.7841,0.957,6889,8548
1382,fine,1560,0.00121,0.6502,0.9609,10298,5874
1611,fine,1554,0.0012,0.6344,0.9513,842,7279
785,fine,1553,0.0012,0.8385,0.9527,13348,3443
492,fine,1546,0.0012,0.7056,0.9583,4923,2104
990,fine,1545,0.00119,0.5676,0.9529,9218,3938
393,fine,1545,0.00119,0.5966,0.9092,6701,1616
1552,fine,1537,0.00119,0.6812,0.922,12461,7074
1429,normal,1533,0.00119,0.5526,0.9122,218,6403
1362,fine,1525,0.00118,0.7361,0.9021,11843,5673
152,fine,1524,0.00118,0.6286,0.9578,4869,609
2089,fine,1514,0.00117,0.75,0.9683,2959,9052
621,fine,1509,0.00117,0.7597,0.914,7422,2825
1629,fine,1507,0.00116,0.7455,0.9664,6370,7316
384,fine,1504,0.00116,0.6091,0.8642,11924,1601
1364,fine,1493,0.00115,0.5532,0.9478,3989,5700
924,fine,1481,0.00114,0.6418,0.9442,9975,3783
1261,fine,1481,0.00114,0.7149,0.9377,2761,4974
1238,fine,1480,0.00114,0.7622,0.8557,2743,4866
340,fine,1480,0.00114,0.5901,0.8887,10917,1458
254,fine,1476,0.00114,0.5985,0.8756,6732,1007
590,fine,1471,0.00114,0.5543,0.9094,5294,2650
1045,fine,1464,0.00113,0.924,0.9315,11465,4125
1936,fine,1461,0.00113,0.8786,0.94,5830,8468
1464,fine,1460,0.00113,0.7266,0.9529,3231,6642
1677,normal,1449,0.00112,0.7478,0.9449,2801,7471
267,fine,1443,0.00112,0.695,0.9399,11763,1072
1633,fine,1438,0.00111,0.7399,0.9345,3383,7330
1594,fine,1433,0.00111,0.5955,0.9227,2794,7205
933,fine,1428,0.0011,0.5531,0.8582,115,3792
12,fine,1426,0.0011,0.5165,0.892,583,34
1286,fine,1419,0.0011,0.8624,0.927,13339,5078
36,fine,1416,0.00109,0.6992,0.9122,1870,118
1678,fine,1415,0.00109,0.7562,0.9351,3447,7474
945,fine,1405,0.00109,0.9159,0.9585,11658,3813
1904,fine,1405,0.00109,0.857,0.957,7860,8290
732,fine,1400,0.00108,0.8265,0.96,4669,3301
133,fine,1395,0.00108,0.5501,0.8963,219,492
1595,normal,1395,0.00108,0.8422,0.9645,13,7203
1488,fine,1388,0.00107,0.8349,0.9635,13387,6869
1490,normal,1388,0.00107,0.6108,0.9576,2079,6876
1036,normal,1383,0.00107,0.5186,0.9556,9882,4080
531,fine,1367,0.00106,0.5208,0.868,3519,2319
572,normal,1366,0.00106,0.6905,0.9466,12861,2526
2129,fine,1361,0.00105,0.6033,0.9228,5861,9359
368,fine,1360,0.00105,0.5369,0.8653,7902,1555
715,fine,1355,0.00105,0.816,0.9344,4473,3235
33,fine,1353,0.00105,0.528,0.9391,623,93
1370,normal,1351,0.00104,0.722,0.9377,3589,5742
623,fine,1349,0.00104,0.5862,0.9571,9413,2818
1949,fine,1346,0.00104,0.8782,0.9429,10467,8534
1972,fine,1343,0.00104,0.554,0.8201,11970,8609
907,fine,1338,0.00103,0.8995,0.9507,11364,3745
897,fine,1335,0.00103,0.9007,0.9274,5217,3711
1240,fine,1328,0.00103,0.8786,0.9465,12257,4864
804,fine,1327,0.00103,0.8396,0.9363,4414,3480
1893,fine,1324,0.00102,0.8907,0.9457,7659,8223
570,normal,1322,0.00102,0.7421,0.9468,13382,2508
824,fine,1321,0.00102,0.847,0.909,4462,3551
2013,fine,1320,0.00102,0.878,0.9488,2660,8742
1498,fine,1319,0.00102,0.8465,0.9568,2707,6929
758,fine,1310,0.00101,0.8228,0.9302,4232,3370
2055,normal,1309,0.00101,0.5653,0.9308,7251,8940
1379,fine,1308,0.00101,0.6992,0.8926,2464,5812
920,fine,1305,0.00101,0.9066,0.9444,5416,3768
864,fine,1301,0.00101,0.851,0.9479,11946,3638
1720,normal,1299,0.001,0.6846,0.9588,364,7571
1073,fine,1290,0.001,0.5614,0.8762,2378,4226
1908,normal,1285,0.00099,0.5664,0.8771,1443,8284
202,fine,1281,0.00099,0.9485,0.9225,11755,796
2036,fine,1280,0.00099,0.7763,0.9027,6781,8847
1826,fine,1274,0.00098,0.6966,0.9396,2573,7893
52,fine,1273,0.00098,0.619,0.9133,11540,195
1562,fine,1268,0.00098,0.7912,0.9525,3482,7103
320,fine,1267,0.00098,0.6891,0.8959,12749,1349
2102,fine,1265,0.00098,0.7533,0.8592,969,9138
1375,fine,1260,0.00097,0.8366,0.9585,13315,5776
781,fine,1258,0.00097,0.6691,0.9399,1403,3450
1585,fine,1257,0.00097,0.5639,0.9494,13232,7173
635,fine,1254,0.00097,0.6643,0.8962,4913,2849
546,fine,1251,0.00097,0.5991,0.9365,11896,2376
849,fine,1251,0.00097,0.7114,0.9374,8402,3603
214,fine,1248,0.00096,0.5818,0.8867,7025,822
582,fine,1246,0.00096,0.5203,0.8106,5725,2601
1696,fine,1244,0.00096,0.7963,0.9568,6010,7520
1213,fine,1242,0.00096,0.7802,0.9505,11622,4768
631,fine,1242,0.00096,0.6088,0.852,3835,2852
203,fine,1240,0.00096,0.9524,0.9283,11924,792
234,fine,1238,0.00096,0.6412,0.9167,10939,899
972,fine,1238,0.00096,0.8112,0.9534,12419,3901
1667,fine,1237,0.00096,0.6697,0.9497,1002,7444
529,fine,1232,0.00095,0.5023,0.8903,5924,2306
1661,fine,1231,0.00095,0.7247,0.9023,12392,7427
1808,fine,1229,0.00095,0.9366,0.9375,3947,7850
896,fine,1227,0.00095,0.9049,0.948,5296,3695
620,normal,1225,0.00095,0.5569,0.9511,10532,2824
1396,fine,1223,0.00095,0.6371,0.8689,13160,6037
1697,fine,1218,0.00094,0.8704,0.8848,12936,7513
1205,fine,1213,0.00094,0.7269,0.9308,1485,4746
1886,fine,1208,0.00093,0.7415,0.8751,3926,8156
1525,fine,1202,0.00093,0.728,0.9308,3518,7002
1100,fine,1202,0.00093,0.588,0.9254,9644,4313
1307,fine,1199,0.00093,0.654,0.8668,12973,5235
1243,fine,1199,0.00093,0.5376,0.8685,1689,4872
66,fine,1195,0.00092,0.6658,0.8508,6189,267
49,fine,1194,0.00092,0.6367,0.8466,4195,192
1968,fine,1192,0.00092,0.7236,0.9515,9746,8599
1438,fine,1187,0.00092,0.8162,0.9435,6429,6480
2062,fine,1179,0.00091,0.7856,0.939,1056,8958
189,fine,1176,0.00091,0.9355,0.9501,12132,733
99,fine,1174,0.00091,0.6634,0.9494,10091,367
262,fine,1172,0.00091,0.7913,0.8685,12306,1034
1670,fine,1172,0.00091,0.6588,0.9508,10553,7455
915,normal,1155,0.00089,0.5406,0.9365,11050,3754
1684,fine,1155,0.00089,0.6642,0.9554,1115,7500
914,fine,1153,0.00089,0.9052,0.9247,5327,3743
949,fine,1153,0.00089,0.8968,0.9463,5203,3822
1482,normal,1148,0.00089,0.9475,0.926,33,6827
554,normal,1146,0.00089,0.9088,0.8952,11402,2424
352,fine,1144,0.00088,0.6793,0.9077,10591,1487
268,fine,1142,0.00088,0.6094,0.9044,5594,1081
2115,fine,1140,0.00088,0.6085,0.8934,5585,9214
650,normal,1139,0.00088,0.582,0.9603,10528,2919
2097,fine,1134,0.00088,0.7134,0.9084,5947,9104
1618,fine,1130,0.00087,0.7559,0.9271,3403,7298
1637,fine,1126,0.00087,0.5815,0.9349,922,7328
1155,fine,1125,0.00087,0.8717,0.9234,13088,4493
402,fine,1117,0.00086,0.5988,0.8639,4738,1633
1303,fine,1112,0.00086,0.6688,0.9161,1272,5186
699,fine,1109,0.00086,0.7773,0.9514,12629,3179
1748,fine,1108,0.00086,0.7152,0.8713,5911,7646
1397,fine,1099,0.00085,0.6876,0.8834,13282,6063
1084,fine,1098,0.00085,0.619,0.9316,9122,4239
757,fine,1095,0.00085,0.742,0.9186,2343,3379
1510,fine,1095,0.00085,0.8736,0.9464,2670,6962
1358,fine,1094,0.00085,0.632,0.8539,11651,5628
464,fine,1092,0.00084,0.7704,0.8772,5066,1928
1849,normal,1091,0.00084,0.5836,0.9305,2852,7989
130,fine,1089,0.00084,0.7892,0.7797,10933,485
989,fine,1087,0.00084,0.717,0.9426,1796,3936
909,normal,1085,0.00084,0.5781,0.9484,10806,3744
2041,fine,1078,0.00083,0.6827,0.9295,13102,8853
1714,fine,1076,0.00083,0.7321,0.9431,1711,7559
1082,fine,1075,0.00083,0.681,0.9359,5428,4248
1626,normal,1071,0.00083,0.5233,0.931,2787,7304
1194,fine,1071,0.00083,0.7975,0.8867,1316,4695
109,fine,1069,0.00083,0.5961,0.9156,24,403
1564,fine,1069,0.00083,0.6098,0.9474,7034,7109
1415,fine,1067,0.00082,0.6253,0.9601,7994,6221
812,fine,1065,0.00082,0.6178,0.9206,6944,3501
1555,normal,1063,0.00082,0.7457,0.9388,1140,7097
476,fine,1061,0.00082,0.5899,0.9492,716,1990
738,normal,1058,0.00082,0.6124,0.9113,11552,3332
1860,fine,1054,0.00081,0.8769,0.8777,3846,8013
853,fine,1054,0.00081,0.8335,0.9515,4408,3608
1245,fine,1047,0.00081,0.7398,0.9216,12699,4881
965,fine,1043,0.00081,0.915,0.9367,11724,3889
1070,fine,1037,0.0008,0.6863,0.9508,9067,4202
1273,fine,1034,0.0008,0.877,0.9563,12256,5007
2056,fine,1033,0.0008,0.7297,0.8976,6890,8943
1933,fine,1031,0.0008,0.8531,0.9547,5892,8448
719,fine,1028,0.00079,0.6986,0.9363,4850,3249
587,fine,1027,0.00079,0.6792,0.896,1267,2610
1467,fine,1026,0.00079,0.8319,0.9491,13201,6656
2059,fine,1026,0.00079,0.5888,0.8895,4979,8941
1428,normal,1026,0.00079,0.5185,0.8824,8500,6368
1765,fine,1025,0.00079,0.7588,0.941,6354,7718
1004,fine,1025,0.00079,0.8112,0.9367,12483,3967
511,normal,1020,0.00079,0.5117,0.8162,290,2217
1210,fine,1017,0.00079,0.7733,0.8704,2794,4762
1885,fine,1015,0.00078,0.6934,0.8958,9291,8146
788,fine,1010,0.00078,0.7838,0.9538,8447,3439
614,normal,1010,0.00078,0.8382,0.9445,11731,2785
1776,normal,1009,0.00078,0.5538,0.9326,1894,7765
417,fine,1003,0.00078,0.6045,0.9029,6662,1689
480,fine,999,0.00077,0.5075,0.8079,204,2014
237,fine,999,0.00077,0.8931,0.9264,13189,915
174,fine,997,0.00077,0.9299,0.9503,11774,683
22,normal,993,0.00077,0.7011,0.93,12857,65
1437,fine,993,0.00077,0.7853,0.9011,6768,6468
53,fine,992,0.00077,0.7273,0.9455,11064,202
1198,fine,989,0.00076,0.7985,0.949,11372,4698
1112,fine,985,0.00076,0.6833,0.8761,1334,4347
963,normal,984,0.00076,0.7207,0.936,9764,3863
1103,fine,977,0.00076,0.5682,0.8949,1855,4315
973,fine,977,0.00076,0.7865,0.9288,10387,3902
73,normal,976,0.00075,0.554,0.9485,13299,266
1347,fine,975,0.00075,0.6383,0.955,4459,5554
1716,fine,974,0.00075,0.7759,0.9451,3468,7561
2060,fine,971,0.00075,0.8623,0.9566,2858,8947
231,fine,969,0.00075,0.8568,0.9288,12831,885
1199,fine,966,0.00075,0.7559,0.8754,2863,4715
526,fine,963,0.00074,0.5401,0.892,11717,2290
580,normal,962,0.00074,0.6236,0.9431,10613,2582
79,fine,960,0.00074,0.7033,0.9318,5906,314
157,fine,958,0.00074,0.6263,0.9445,4279,624
391,fine,954,0.00074,0.6001,0.8732,6854,1603
376,fine,953,0.00074,0.5393,0.84,6333,1569
1550,fine,946,0.00073,0.6877,0.9456,3028,7068
1690,fine,945,0.00073,0.5789,0.9418,1283,7512
993,fine,943,0.00073,0.8826,0.9487,5430,3933
1497,fine,942,0.00073,0.7572,0.9428,2551,6913
819,fine,940,0.00073,0.8092,0.9527,4266,3529
520,fine,939,0.00073,0.5312,0.8576,3119,2248
1956,fine,939,0.00073,0.6726,0.9422,1026,8543
505,normal,935,0.00072,0.5246,0.8178,368,2163
754,fine,933,0.00072,0.6363,0.9542,13350,3372
1016,fine,933,0.00072,0.7723,0.9441,11138,3994
290,fine,932,0.00072,0.6252,0.8927,10114,1188
827,fine,931,0.00072,0.8304,0.9418,4383,3551
304,fine,925,0.00072,0.7256,0.9088,10466,1289
1966,fine,924,0.00071,0.8849,0.9426,10350,8601
1815,normal,920,0.00071,0.6459,0.9359,867,7849
1651,fine,920,0.00071,0.7097,0.896,12336,7390
2066,fine,917,0.00071,0.8074,0.924,2977,8961
1538,fine,913,0.00071,0.8201,0.9308,3419,7031
1369,fine,913,0.00071,0.7214,0.9388,2479,5740
116,fine,910,0.0007,0.6735,0.8809,5892,444
752,fine,908,0.0007,0.6715,0.9213,952,3374
324,fine,907,0.0007,0.5601,0.884,11063,1374
2137,fine,903,0.0007,0.6615,0.8791,2103,9426
842,normal,903,0.0007,0.6161,0.9382,11189,3582
2065,fine,902,0.0007,0.5496,0.9364,13372,8956
1207,fine,900,0.0007,0.7199,0.936,2929,4751
1383,fine,900,0.0007,0.7381,0.9521,11867,5880
1167,fine,898,0.00069,0.7296,0.8518,1462,4544
1719,fine,898,0.00069,0.6906,0.9494,3428,7568
1142,fine,897,0.00069,0.7384,0.9409,8536,4457
594,normal,897,0.00069,0.5289,0.908,6823,2656
1663,fine,893,0.00069,0.7769,0.9404,3465,7443
539,fine,892,0.00069,0.6071,0.8569,1457,2356
833,fine,891,0.00069,0.8864,0.9291,12940,3557
1189,normal,884,0.00068,0.555,0.8643,1764,4684
763,fine,882,0.00068,0.5568,0.9129,2598,3385
1034,fine,882,0.00068,0.6394,0.9027,2123,4061
1775,normal,880,0.00068,0.5941,0.9471,1932,7756
1354,fine,876,0.00068,0.6962,0.9366,2070,5605
960,fine,875,0.00068,0.8927,0.9437,5314,3865
691,fine,871,0.00067,0.7154,0.9389,8692,3137
11,normal,869,0.00067,0.6564,0.9294,12794,25
1156,fine,866,0.00067,0.7798,0.9559,8705,4493
611,fine,866,0.00067,0.6906,0.9316,7351,2769
1715,fine,864,0.00067,0.7331,0.9368,9672,7556
679,normal,860,0.00066,0.6978,0.9436,10548,3080
1812,fine,860,0.00066,0.5685,0.9457,2443,7843
461,fine,860,0.00066,0.7434,0.9462,5176,1906
1013,fine,859,0.00066,0.9212,0.9513,11740,3990
1847,fine,857,0.00066,0.9081,0.9475,3905,7979
168,fine,856,0.00066,0.9079,0.9474,12307,650
769,fine,855,0.00066,0.8104,0.9394,2199,3405
532,fine,854,0.00066,0.5053,0.8845,5866,2325
293,fine,852,0.00066,0.5689,0.8211,10999,1203
710,fine,851,0.00066,0.7003,0.9235,1553,3219
91,fine,850,0.00066,0.7007,0.9236,1819,335
281,fine,847,0.00065,0.5607,0.924,11623,1127
98,fine,842,0.00065,0.5961,0.8889,4369,353
1752,fine,834,0.00064,0.6766,0.9061,1556,7655
2026,fine,833,0.00064,0.7466,0.8719,5576,8792
912,normal,831,0.00064,0.5977,0.9382,10973,3743
1875,fine,829,0.00064,0.6757,0.934,3604,8076
307,fine,828,0.00064,0.5079,0.9172,3487,1296
615,fine,827,0.00064,0.5072,0.9342,1536,2789
327,fine,827,0.00064,0.7157,0.9005,13164,1395
1848,fine,827,0.00064,0.915,0.9477,3862,7977
407,fine,823,0.00064,0.5831,0.9324,11457,1654
2093,fine,821,0.00063,0.5767,0.9407,13026,9073
1221,fine,817,0.00063,0.6632,0.9182,146,4825
1515,fine,815,0.00063,0.7732,0.9365,2545,6973
1130,fine,811,0.00063,0.7394,0.9409,8567,4409
365,fine,810,0.00063,0.6842,0.9111,13160,1538
1692,normal,808,0.00062,0.5177,0.9454,2692,7506
1151,fine,806,0.00062,0.9121,0.9324,13254,4476
1220,fine,805,0.00062,0.7237,0.916,2937,4792
326,fine,801,0.00062,0.5711,0.9127,11000,1381
1444,fine,800,0.00062,0.7651,0.8323,13098,6508
145,fine,799,0.00062,0.864,0.9046,11576,564
900,fine,797,0.00062,0.9247,0.944,11645,3714
226,fine,795,0.00061,0.9086,0.9475,11842,872
1203,fine,795,0.00061,0.6768,0.8112,2588,4735
16,fine,792,0.00061,0.6737,0.9382,4265,41
1524,fine,784,0.00061,0.551,0.8605,11969,6992
284,fine,783,0.00061,0.6032,0.8643,5933,1140
1182,fine,779,0.0006,0.695,0.9397,11024,4614
477,fine,777,0.0006,0.5385,0.8457,113,2003
1553,fine,776,0.0006,0.6855,0.8842,8767,7079
175,fine,775,0.0006,0.8748,0.9318,12678,669
1033,normal,774,0.0006,0.5838,0.8799,3382,4065
86,fine,774,0.0006,0.5849,0.8051,1268,322
2045,normal,772,0.0006,0.6122,0.9525,7321,8888
378,normal,770,0.0006,0.5397,0.7268,3108,1581
1367,normal,769,0.00059,0.739,0.9468,3666,5699
535,fine,767,0.00059,0.5704,0.9445,11851,2342
1146,fine,765,0.00059,0.902,0.9389,11471,4460
289,fine,765,0.00059,0.6247,0.8648,10847,1187
1119,fine,762,0.00059,0.8362,0.9414,8796,4370
183,fine,758,0.00059,0.9261,0.9441,11666,717
1477,normal,757,0.00059,0.5836,0.9509,2051,6781
1475,fine,756,0.00058,0.6981,0.9024,762,6758
2131,fine,754,0.00058,0.7295,0.9229,259,9376
1613,fine,754,0.00058,0.691,0.9073,3249,7266
1147,fine,753,0.00058,0.7282,0.8946,1337,4467
857,fine,752,0.00058,0.9078,0.9265,11752,3616
1865,fine,748,0.00058,0.5814,0.9431,3508,8044
700,fine,747,0.00058,0.6097,0.9294,12776,3175
286,fine,745,0.00058,0.6303,0.8511,5600,1152
1254,fine,741,0.00057,0.6241,0.9157,1028,4904
1854,normal,741,0.00057,0.7747,0.9555,1549,7993
1710,fine,740,0.00057,0.8735,0.9178,12903,7543
187,fine,739,0.00057,0.7052,0.9279,10902,738
870,fine,739,0.00057,0.9172,0.9405,11679,3645
8,normal,738,0.00057,0.8292,0.9529,13066,6
825,fine,734,0.00057,0.9126,0.9206,13164,3536
519,fine,733,0.00057,0.7133,0.8504,4531,2249
1544,fine,731,0.00057,0.5488,0.8589,8205,7045
1989,fine,730,0.00056,0.8453,0.9465,10557,8654
1511,fine,730,0.00056,0.7875,0.9159,754,6962
1046,fine,729,0.00056,0.6081,0.9029,2196,4122
445,fine,720,0.00056,0.7398,0.9438,5178,1798
601,fine,720,0.00056,0.5768,0.8644,6731,2681
2053,fine,719,0.00056,0.8023,0.9206,3078,8922
114,fine,717,0.00055,0.6427,0.926,2311,418
1679,fine,717,0.00055,0.8876,0.9258,12858,7476
153,fine,715,0.00055,0.5814,0.9346,1694,616
1206,fine,715,0.00055,0.6711,0.8744,2530,4745
1530,fine,712,0.00055,0.5644,0.8963,10405,7012
29,fine,711,0.00055,0.5766,0.8402,5233,84
111,fine,708,0.00055,0.681,0.9047,6989,405
866,fine,708,0.00055,0.8806,0.9037,12800,3639
1140,fine,707,0.00055,0.8106,0.9387,12043,4446
879,fine,705,0.00055,0.886,0.9326,5230,3658
564,fine,705,0.00055,0.5452,0.8568,5491,2480
2136,fine,704,0.00054,0.6778,0.9171,342,9415
818,fine,702,0.00054,0.8527,0.908,5009,3516
1784,fine,699,0.00054,0.8595,0.9472,3625,7778
1727,fine,697,0.00054,0.7827,0.9271,6065,7583
1489,fine,695,0.00054,0.545,0.867,1706,6875
380,fine,694,0.00054,0.5056,0.9186,11369,1578
1912,normal,693,0.00054,0.5214,0.9425,917,8310
2125,fine,691,0.00053,0.6542,0.9361,1892,9324
31,normal,691,0.00053,0.7727,0.9266,13249,88
1655,fine,689,0.00053,0.5837,0.9296,917,7407
538,normal,688,0.00053,0.5013,0.8577,5996,2338
90,fine,686,0.00053,0.6727,0.9173,5055,341
1551,fine,684,0.00053,0.6186,0.9315,3646,7069
1642,normal,682,0.00053,0.5688,0.8671,8230,7336
1089,fine,679,0.00052,0.8322,0.9395,5040,4269
517,fine,678,0.00052,0.5377,0.8019,3060,2240
67,normal,677,0.00052,0.5278,0.8508,7439,256
1507,normal,677,0.00052,0.5716,0.8651,1390,6947
1554,fine,676,0.00052,0.6811,0.8024,8539,7087
283,fine,676,0.00052,0.6229,0.8291,6873,1137
1537,fine,675,0.00052,0.7145,0.9226,2503,7025
478,fine,673,0.00052,0.6822,0.9321,5279,2003
1486,fine,671,0.00052,0.5541,0.8959,10519,6846
702,fine,670,0.00052,0.7571,0.9203,4751,3194
1951,fine,670,0.00052,0.6535,0.9383,1754,8522
136,fine,667,0.00052,0.659,0.9339,5988,503
400,normal,662,0.00051,0.5001,0.8746,5831,1631
299,fine,662,0.00051,0.6092,0.8336,6928,1244
798,fine,661,0.00051,0.6349,0.8341,8978,3467
2127,fine,659,0.00051,0.5921,0.8697,5834,9342
1338,fine,659,0.00051,0.6052,0.8763,9931,5441
452,fine,657,0.00051,0.5351,0.8892,5645,1817
2011,fine,656,0.00051,0.6308,0.9242,1570,8721
1517,fine,654,0.00051,0.7417,0.941,656,6978
245,fine,649,0.0005,0.7588,0.9176,11287,941
966,normal,649,0.0005,0.5467,0.9375,9910,3886
930,normal,648,0.0005,0.5027,0.9487,9889,3783
1646,normal,646,0.0005,0.5775,0.8597,8161,7348
674,normal,646,0.0005,0.6484,0.9305,11783,3035
296,fine,645,0.0005,0.6366,0.8765,10143,1210
1652,fine,644,0.0005,0.6998,0.9237,1503,7392
2154,normal,643,0.0005,0.51,0.9412,13241,9578
600,normal,641,0.0005,0.733,0.8794,12716,2686
1059,fine,641,0.0005,0.5499,0.8823,2450,4143
1056,fine,638,0.00049,0.8597,0.9263,4958,4150
1649,fine,637,0.00049,0.5876,0.9498,1040,7368
314,fine,635,0.00049,0.5875,0.9261,4408,1328
1454,fine,635,0.00049,0.5447,0.8514,10456,6593
1372,normal,634,0.00049,0.7179,0.934,3634,5749
1995,fine,634,0.00049,0.6921,0.957,9097,8660
1743,fine,634,0.00049,0.802,0.9203,3494,7623
741,fine,634,0.00049,0.6256,0.7614,9508,3325
85,fine,633,0.00049,0.6727,0.9149,4996,321
1440,fine,628,0.00049,0.5767,0.9308,372,6498
975,fine,624,0.00048,0.8767,0.9212,12778,3891
1790,fine,623,0.00048,0.9484,0.9241,3917,7793
562,normal,621,0.00048,0.5252,0.9223,11830,2448
1833,fine,620,0.00048,0.8317,0.9481,4088,7912
801,fine,618,0.00048,0.9013,0.9373,13195,3467
1898,normal,618,0.00048,0.6442,0.887,4776,8229
734,fine,617,0.00048,0.7595,0.9359,12874,3292
1887,fine,614,0.00047,0.7362,0.9568,6231,8153
169,fine,614,0.00047,0.9228,0.9406,11818,657
1123,fine,613,0.00047,0.9155,0.9432,11545,4392
717,fine,612,0.00047,0.6459,0.9287,1686,3243
1632,normal,611,0.00047,0.5065,0.9356,1078,7318
442,fine,609,0.00047,0.6106,0.9222,11643,1767
1122,fine,609,0.00047,0.9484,0.9265,13289,4401
1932,fine,609,0.00047,0.8135,0.8463,6002,8431
1548,fine,607,0.00047,0.6945,0.8526,5638,7056
1040,fine,606,0.00047,0.64,0.878,2056,4085
1584,fine,606,0.00047,0.653,0.9396,3170,7159
1278,fine,606,0.00047,0.6161,0.8542,11669,5016
950,fine,603,0.00047,0.5886,0.912,11085,3815
1279,fine,602,0.00047,0.6538,0.7612,95,5022
1707,normal,601,0.00046,0.8163,0.9348,2814,7532
1645,fine,601,0.00046,0.7364,0.9091,6359,7353
843,fine,600,0.00046,0.7254,0.9266,8400,3581
1259,fine,599,0.00046,0.6034,0.8956,3144,4949
331,fine,598,0.00046,0.5105,0.9186,12293,1399
124,fine,597,0.00046,0.6202,0.9372,4411,448
1430,fine,597,0.00046,0.8388,0.9544,6576,6404
1074,fine,596,0.00046,0.59,0.9419,9596,4226
2082,fine,596,0.00046,0.6069,0.8825,4973,9022
951,fine,596,0.00046,0.8537,0.9507,12537,3817
1878,normal,596,0.00046,0.5056,0.921,3410,8095
918,fine,595,0.00046,0.8843,0.9051,12720,3756
210,fine,595,0.00046,0.5769,0.9119,2996,807
279,fine,595,0.00046,0.6145,0.7534,10853,1121
1570,fine,594,0.00046,0.7616,0.935,2535,7134
1973,normal,593,0.00046,0.5938,0.954,7196,8601
343,fine,593,0.00046,0.7297,0.9128,13151,1457
1948,fine,593,0.00046,0.8474,0.8705,5938,8514
255,fine,592,0.00046,0.6322,0.9376,5167,1001
1546,fine,591,0.00046,0.8002,0.9447,3185,7047
1658,fine,590,0.00046,0.5908,0.9434,1083,7409
1304,fine,590,0.00046,0.6106,0.9115,384,5204
658,fine,586,0.00045,0.5257,0.9341,10428,2949
2074,fine,585,0.00045,0.5282,0.9335,13403,8992
1296,fine,581,0.00045,0.5454,0.8764,3554,5152
997,normal,580,0.00045,0.6139,0.9388,9878,3939
2134,fine,580,0.00045,0.6354,0.939,1454,9391
1324,normal,578,0.00045,0.5271,0.9262,3988,5355
882,fine,576,0.00045,0.7258,0.929,10558,3667
1596,fine,575,0.00044,0.624,0.86,9107,7191
1843,fine,574,0.00044,0.8502,0.9264,3687,7949
633,fine,574,0.00044,0.6059,0.9218,910,2843
1970,fine,571,0.00044,0.6502,0.9365,1850,8613
444,fine,570,0.00044,0.5886,0.8134,12894,1789
360,fine,570,0.00044,0.6225,0.8351,7088,1510
2123,fine,568,0.00044,0.5348,0.8251,4706,9298
120,fine,568,0.00044,0.6683,0.759,2211,443
671,normal,563,0.00044,0.9469,0.8399,10785,3025
1012,fine,563,0.00044,0.8894,0.9281,5008,3983
1568,fine,562,0.00043,0.621,0.8572,9122,7128
1076,fine,562,0.00043,0.8475,0.9302,4981,4235
764,fine,562,0.00043,0.6751,0.9204,988,3393
468,fine,561,0.00043,0.5493,0.8174,6255,1943
1348,fine,561,0.00043,0.5017,0.938,3999,5557
1760,fine,560,0.00043,0.5251,0.8967,3376,7694
2113,fine,559,0.00043,0.7297,0.9494,2964,9185
1029,fine,558,0.00043,0.5084,0.95,4334,4038
1884,fine,556,0.00043,0.5992,0.8062,1982,8148
1950,fine,556,0.00043,0.7329,0.9216,7509,8515
911,fine,551,0.00043,0.8981,0.9227,4822,3737
1439,normal,549,0.00042,0.5445,0.8641,8326,6476
622,fine,549,0.00042,0.5926,0.8969,6238,2815
341,normal,548,0.00042,0.5639,0.9073,11380,1449
1598,fine,546,0.00042,0.7201,0.9408,2722,7199
946,fine,546,0.00042,0.8971,0.9156,5077,3804
1417,fine,545,0.00042,0.6064,0.8574,9895,6221
432,fine,545,0.00042,0.6581,0.8355,4342,1732
1872,fine,544,0.00042,0.7879,0.9463,6813,8061
1802,fine,542,0.00042,0.8128,0.8977,12833,7821
589,fine,541,0.00042,0.6631,0.8481,1099,2628
947,fine,541,0.00042,0.8988,0.9279,5333,3804
63,normal,539,0.00042,0.593,0.9142,8793,225
2144,fine,539,0.00042,0.669,0.8775,6238,9495
696,fine,538,0.00042,0.7637,0.9378,12578,3163
1505,fine,537,0.00042,0.6807,0.9423,8547,6934
766,fine,535,0.00041,0.6972,0.9093,1875,3397
230,fine,535,0.00041,0.8912,0.9436,11574,887
514,fine,532,0.00041,0.5551,0.8376,6373,2208
595,normal,529,0.00041,0.6401,0.8858,6907,2655
2141,fine,529,0.00041,0.67,0.8512,6098,9476
158,fine,528,0.00041,0.6289,0.9297,4979,625
1820,fine,526,0.00041,0.5267,0.9215,2355,7861
943,fine,525,0.00041,0.65,0.856,8939,3802
659,fine,524,0.00041,0.6813,0.9336,545,2949
1673,normal,523,0.0004,0.5994,0.9356,2746,7455
1547,fine,520,0.0004,0.6828,0.843,8509,7046
1840,fine,518,0.0004,0.7333,0.9327,6417,7934
610,fine,518,0.0004,0.628,0.9209,3621,2744
413,fine,517,0.0004,0.6064,0.9084,12879,1675
689,fine,516,0.0004,0.6899,0.9322,7508,3127
20,fine,515,0.0004,0.6624,0.8882,1287,55
690,fine,513,0.0004,0.722,0.9078,8599,3134
2008,fine,512,0.0004,0.5962,0.8559,11767,8712
548,fine,508,0.00039,0.6273,0.8466,757,2388
479,fine,507,0.00039,0.7106,0.871,11583,2000
1479,fine,506,0.00039,0.5506,0.875,10517,6793
1422,normal,506,0.00039,0.5584,0.8124,2117,6311
983,fine,505,0.00039,0.8896,0.9417,5391,3915
1864,fine,505,0.00039,0.5867,0.8507,5398,8030
651,fine,505,0.00039,0.6718,0.9262,538,2915
1363,fine,504,0.00039,0.695,0.8266,4261,5679
1003,fine,498,0.00038,0.8036,0.8838,5669,3960
925,fine,498,0.00038,0.7827,0.9315,10580,3770
1565,fine,498,0.00038,0.5912,0.8961,13332,7116
277,normal,497,0.00038,0.5005,0.9082,145,1104
1928,fine,496,0.00038,0.8206,0.9361,7517,8411
1965,fine,496,0.00038,0.7888,0.9208,6062,8584
355,fine,495,0.00038,0.6361,0.9274,7477,1486
957,fine,493,0.00038,0.8983,0.9407,5071,3855
1614,fine,491,0.00038,0.5043,0.9175,1018,7271
1959,fine,489,0.00038,0.6934,0.9252,7500,8555
641,normal,489,0.00038,0.9184,0.8547,13409,2879
104,fine,487,0.00038,0.5873,0.8864,1378,373
1176,fine,487,0.00038,0.7151,0.8791,9779,4593
1320,fine,485,0.00037,0.6747,0.8547,9884,5335
370,fine,485,0.00037,0.5774,0.8525,12119,1557
1791,normal,484,0.00037,0.5503,0.9215,1414,7803
1592,fine,484,0.00037,0.7342,0.9456,9583,7186
2107,fine,484,0.00037,0.8372,0.9486,10499,9149
1982,fine,482,0.00037,0.7202,0.9068,7590,8621
392,fine,482,0.00037,0.5125,0.8466,8165,1602
164,normal,482,0.00037,0.5043,0.8663,38,647
1048,fine,481,0.00037,0.644,0.8306,1924,4119
2079,fine,481,0.00037,0.7419,0.9325,3122,9010
616,fine,481,0.00037,0.6003,0.8758,6251,2781
617,fine,480,0.00037,0.6322,0.8654,4582,2792
908,fine,480,0.00037,0.8832,0.9283,12753,3732
2122,fine,480,0.00037,0.6489,0.8736,6820,9280
986,fine,479,0.00037,0.8677,0.9423,4825,3917
247,fine,479,0.00037,0.8197,0.9184,12759,942
2063,fine,479,0.00037,0.6364,0.9432,9112,8948
663,normal,479,0.00037,0.886,0.938,11668,2971
681,fine,479,0.00037,0.6364,0.9306,812,3080
144,fine,479,0.00037,0.6114,0.8526,5402,537
240,fine,478,0.00037,0.8803,0.9377,11532,912
1108,fine,478,0.00037,0.9119,0.9284,13136,4336
68,fine,478,0.00037,0.6374,0.8073,11534,267
1557,normal,474,0.00037,0.6206,0.9163,1423,7087
1184,fine,473,0.00037,0.735,0.9018,11102,4627
420,fine,473,0.00037,0.5792,0.7744,6968,1692
1871,normal,473,0.00037,0.5997,0.9144,2959,8056
1799,fine,473,0.00037,0.8045,0.9189,12791,7814
1268,fine,472,0.00036,0.7483,0.9367,1282,4983
2110,fine,471,0.00036,0.6453,0.9102,1660,9168
1393,fine,470,0.00036,0.7415,0.9294,11744,5983
1605,fine,469,0.00036,0.8681,0.9186,2619,7227
613,fine,469,0.00036,0.5983,0.8949,9381,2768
139,fine,468,0.00036,0.6009,0.7858,2746,503
1292,fine,468,0.00036,0.823,0.8891,12107,5114
379,fine,468,0.00036,0.616,0.8342,5542,1573
862,fine,468,0.00036,0.8809,0.9297,4837,3630
1297,fine,468,0.00036,0.5794,0.868,2323,5148
1504,fine,467,0.00036,0.6431,0.9083,2491,6934
985,fine,467,0.00036,0.6332,0.8781,10010,3915
987,fine,466,0.00036,0.8987,0.9384,5045,3926
516,fine,465,0.00036,0.6183,0.7786,5369,2228
1416,normal,465,0.00036,0.5354,0.8356,9646,6219
1556,fine,464,0.00036,0.6293,0.9157,13372,7086
1315,fine,463,0.00036,0.5166,0.9457,11805,5291
789,fine,463,0.00036,0.8616,0.9244,12822,3438
868,fine,463,0.00036,0.8904,0.9271,4624,3637
1371,fine,462,0.00036,0.6967,0.7972,2145,5741
1128,fine,461,0.00036,0.6325,0.9298,9838,4396
1360,fine,461,0.00036,0.6986,0.921,13088,5637
460,fine,459,0.00035,0.6197,0.8569,4028,1894
1657,normal,459,0.00035,0.7495,0.9362,2267,7405
1817,fine,459,0.00035,0.545,0.9387,122,7853
1828,fine,457,0.00035,0.5723,0.8999,2297,7900
877,fine,457,0.00035,0.9056,0.9156,13141,3648
583,normal,457,0.00035,0.9229,0.9197,10829,2594
2096,fine,456,0.00035,0.9005,0.9285,10806,9085
1810,normal,455,0.00035,0.6749,0.8349,1131,7838
1195,fine,452,0.00035,0.6057,0.9119,8988,4699
503,fine,452,0.00035,0.7009,0.9102,5034,2146
1330,fine,451,0.00035,0.7052,0.8994,12533,5371
338,normal,451,0.00035,0.6662,0.8884,11581,1437
350,fine,451,0.00035,0.6472,0.8453,10203,1469
1996,fine,450,0.00035,0.8798,0.941,2692,8665
840,normal,450,0.00035,0.5153,0.937,11276,3578
1091,fine,450,0.00035,0.7675,0.8704,8609,4273
940,fine,449,0.00035,0.556,0.9267,3981,3794
1894,fine,448,0.00035,0.7963,0.9101,6774,8212
2077,fine,448,0.00035,0.8924,0.9106,10806,9014
1993,fine,446,0.00034,0.7015,0.9231,7633,8656
198,fine,443,0.00034,0.9407,0.9153,12067,748
777,fine,443,0.00034,0.6377,0.9073,9686,3424
248,fine,442,0.00034,0.839,0.878,12889,947
1813,fine,442,0.00034,0.6217,0.8855,2499,7838
1125,fine,441,0.00034,0.5661,0.865,9978,4389
506,fine,441,0.00034,0.5828,0.8588,6444,2158
1443,fine,441,0.00034,0.5624,0.9224,1553,6506
1907,fine,440,0.00034,0.6775,0.9374,7142,8266
38,fine,440,0.00034,0.6687,0.6718,11150,109
450,fine,436,0.00034,0.758,0.9117,5129,1808
82,fine,436,0.00034,0.6622,0.8482,10002,302
796,fine,436,0.00034,0.7602,0.9072,2307,3461
1284,fine,435,0.00034,0.601,0.875,3142,5051
165,fine,434,0.00034,0.6252,0.7648,4595,640
542,normal,432,0.00033,0.6323,0.9005,13034,2359
1577,fine,432,0.00033,0.5527,0.912,13337,7146
1285,fine,432,0.00033,0.5638,0.9287,2364,5057
552,fine,431,0.00033,0.6607,0.7841,12002,2407
1529,fine,429,0.00033,0.5915,0.8266,9169,7007
2049,fine,428,0.00033,0.7561,0.873,5762,8911
472,fine,428,0.00033,0.6722,0.9312,5298,1966
948,fine,428,0.00033,0.8834,0.8555,12642,3806
1685,fine,425,0.00033,0.5419,0.8971,1256,7497
698,fine,423,0.00033,0.6726,0.9105,12713,3173
1746,fine,422,0.00033,0.6627,0.9396,6427,7625
300,fine,420,0.00032,0.6014,0.8651,3881,1239
1476,fine,419,0.00032,0.6995,0.8789,12836,6766
297,fine,417,0.00032,0.6417,0.7204,5389,1210
386,fine,417,0.00032,0.5953,0.8294,6720,1584
1519,fine,416,0.00032,0.6142,0.9442,7037,6976
383,normal,415,0.00032,0.5185,0.8477,11602,1581
591,normal,415,0.00032,0.8759,0.8109,13019,2636
156,normal,414,0.00032,0.5541,0.9051,779,618
1411,fine,412,0.00032,0.6613,0.9164,784,6193
569,normal,412,0.00032,0.663,0.8163,7121,2492
634,fine,411,0.00032,0.5879,0.7831,1148,2848
828,fine,410,0.00032,0.8623,0.9361,5037,3541
271,fine,410,0.00032,0.8126,0.9012,13249,1083
607,fine,410,0.00032,0.6242,0.9086,3473,2712
2124,fine,410,0.00032,0.6387,0.8214,6791,9303
841,fine,410,0.00032,0.8623,0.9136,11867,3570
639,fine,409,0.00032,0.6716,0.8645,4550,2864
694,fine,409,0.00032,0.7565,0.8731,12522,3151
46,fine,407,0.00031,0.6093,0.856,11472,160
2094,fine,407,0.00031,0.8892,0.9215,10718,9066
1602,fine,407,0.00031,0.6928,0.8655,5751,7229
418,fine,406,0.00031,0.6059,0.9109,11448,1687
2142,fine,406,0.00031,0.6641,0.8907,6263,9475
1801,fine,405,0.00031,0.6245,0.9271,2510,7818
974,fine,405,0.00031,0.8732,0.8948,12678,3900
1072,fine,405,0.00031,0.8647,0.9258,12072,4201
2147,fine,403,0.00031,0.5032,0.8817,13105,9509
96,fine,402,0.00031,0.6585,0.8955,7105,345
1224,fine,401,0.00031,0.6588,0.9294,707,4817
13,fine,400,0.00031,0.6812,0.828,4446,30
1385,fine,400,0.00031,0.66,0.9464,2510,5887
1343,fine,398,0.00031,0.5051,0.9426,11887,5511
1742,fine,398,0.00031,0.533,0.8734,1835,7620
1258,fine,397,0.00031,0.8473,0.9365,12362,4931
2052,fine,397,0.00031,0.8911,0.9326,10698,8923
1636,fine,396,0.00031,0.6616,0.855,9992,7324
1946,fine,396,0.00031,0.8663,0.8956,5878,8494
2001,normal,396,0.00031,0.5706,0.916,7269,8687
1702,fine,395,0.00031,0.6276,0.9303,954,7522
1049,fine,395,0.00031,0.5581,0.862,2425,4118
708,fine,394,0.0003,0.8215,0.909,12506,3199
1688,normal,393,0.0003,0.853,0.9438,2151,7495
902,fine,393,0.0003,0.8976,0.917,4999,3719
1533,fine,392,0.0003,0.6633,0.9298,13216,7013
817,fine,392,0.0003,0.7702,0.8092,3973,3508
913,fine,392,0.0003,0.6424,0.8394,2204,3742
1376,fine,391,0.0003,0.702,0.8989,2213,5767
387,fine,391,0.0003,0.6482,0.8106,10292,1589
439,fine,391,0.0003,0.727,0.9276,5230,1760
837,fine,390,0.0003,0.5337,0.8245,484,3566
272,fine,390,0.0003,0.6084,0.8497,10007,1087
1876,fine,388,0.0003,0.7686,0.84,3722,8080
359,fine,388,0.0003,0.5441,0.7925,12364,1502
905,fine,387,0.0003,0.8035,0.921,12382,3728
1582,fine,386,0.0003,0.62,0.8507,9059,7157
163,fine,386,0.0003,0.618,0.9099,5321,639
677,normal,386,0.0003,0.7919,0.7327,10643,3067
688,fine,385,0.0003,0.687,0.9146,7552,3122
609,normal,384,0.0003,0.8653,0.9256,13264,2740
310,fine,384,0.0003,0.5976,0.9076,4580,1311
2057,fine,383,0.0003,0.8354,0.9126,2961,8930
1244,fine,382,0.0003,0.6435,0.9193,1000,4874
358,fine,381,0.00029,0.5078,0.7064,11267,1489
425,fine,381,0.00029,0.657,0.8389,4382,1709
1408,normal,379,0.00029,0.7507,0.8904,84,6177
1653,fine,379,0.00029,0.6029,0.9162,1053,7393
1866,fine,379,0.00029,0.7387,0.9306,9494,8036
647,fine,378,0.00029,0.5912,0.8213,10187,2894
308,fine,378,0.00029,0.6923,0.6898,13078,1295
1914,fine,378,0.00029,0.6675,0.9262,2251,8326
1054,fine,377,0.00029,0.5066,0.9119,9868,4120
1200,fine,377,0.00029,0.6025,0.9446,9033,4717
1339,fine,377,0.00029,0.5451,0.9044,1476,5439
619,normal,377,0.00029,0.6152,0.9212,11805,2790
1785,normal,376,0.00029,0.673,0.9119,2079,7788
224,fine,376,0.00029,0.5644,0.6727,3110,860
2098,fine,375,0.00029,0.5242,0.8737,7168,9113
495,normal,374,0.00029,0.531,0.8058,370,2103
1895,fine,373,0.00029,0.7164,0.8986,6301,8226
30,normal,373,0.00029,0.7544,0.9118,13301,77
1772,fine,373,0.00029,0.819,0.8938,12926,7745
956,fine,373,0.00029,0.8986,0.9125,5004,3840
1175,fine,373,0.00029,0.8085,0.8531,1294,4590
1687,fine,373,0.00029,0.7239,0.9086,1718,7494
151,fine,372,0.00029,0.6056,0.9012,1827,585
1728,fine,372,0.00029,0.6286,0.9238,1380,7589
891,fine,371,0.00029,0.7408,0.805,2004,3687
265,fine,370,0.00029,0.804,0.9137,11625,1032
205,fine,370,0.00029,0.8693,0.9129,11402,786
716,fine,369,0.00029,0.7549,0.913,4760,3232
1061,fine,369,0.00029,0.8812,0.9155,12065,4142
1027,fine,369,0.00029,0.5735,0.882,10776,4039
1620,normal,368,0.00028,0.5217,0.9377,2064,7286
906,fine,368,0.00028,0.6261,0.9331,9194,3732
887,fine,365,0.00028,0.8652,0.9345,4515,3678
2047,fine,365,0.00028,0.8467,0.8576,2998,8896
2153,normal,365,0.00028,0.5036,0.887,13178,9561
805,fine,364,0.00028,0.6834,0.9167,9768,3473
898,fine,362,0.00028,0.8927,0.9162,12671,3705
767,fine,362,0.00028,0.8492,0.9284,12800,3393
1916,fine,361,0.00028,0.8953,0.9026,10498,8347
2024,fine,361,0.00028,0.6269,0.8048,4797,8779
1455,normal,361,0.00028,0.8198,0.9054,159,6589
888,normal,361,0.00028,0.6899,0.9094,9388,3682
1496,fine,361,0.00028,0.5905,0.936,7064,6905
1344,fine,360,0.00028,0.6161,0.789,10497,5508
2126,fine,360,0.00028,0.5851,0.8678,4981,9327
2087,normal,359,0.00028,0.5059,0.7918,10074,9036
2117,fine,359,0.00028,0.7119,0.9031,879,9209
390,fine,359,0.00028,0.5133,0.8859,11343,1598
261,fine,359,0.00028,0.8178,0.8295,12276,1018
177,fine,357,0.00028,0.6044,0.8984,1794,681
1869,fine,357,0.00028,0.5289,0.9092,3464,8052
629,fine,357,0.00028,0.5579,0.9008,6369,2835
527,fine,356,0.00028,0.6577,0.7135,12775,2287
1326,fine,356,0.00028,0.5248,0.9142,4055,5355
1573,fine,356,0.00028,0.9071,0.9157,2622,7138
656,fine,356,0.00028,0.6028,0.9229,10366,2938
295,fine,356,0.00028,0.7242,0.8844,10377,1201
536,fine,356,0.00028,0.6419,0.7853,12628,2334
1797,fine,355,0.00027,0.8022,0.9126,12963,7801
765,fine,355,0.00027,0.7647,0.923,3823,3391
1987,fine,355,0.00027,0.6723,0.9192,7561,8645
122,fine,354,0.00027,0.6718,0.828,5931,442
1384,fine,354,0.00027,0.7512,0.9095,13395,5870
1967,fine,354,0.00027,0.7827,0.8789,6906,8595
266,fine,353,0.00027,0.8276,0.8914,13157,1043
1218,fine,353,0.00027,0.6239,0.8013,3053,4780
1051,fine,352,0.00027,0.7205,0.8099,1399,4119
722,fine,351,0.00027,0.5257,0.7285,109,3253
196,fine,349,0.00027,0.6003,0.7558,6802,748
399,fine,349,0.00027,0.5183,0.8965,11327,1621
1291,fine,348,0.00027,0.6276,0.9202,2652,5100
2104,fine,348,0.00027,0.708,0.7584,1106,9140
768,fine,347,0.00027,0.7998,0.934,12998,3394
128,fine,345,0.00027,0.6213,0.8619,2354,452
1191,fine,345,0.00027,0.819,0.8189,1255,4681
916,fine,345,0.00027,0.7954,0.9188,11216,3745
628,fine,345,0.00027,0.5634,0.909,11863,2834
2069,fine,344,0.00027,0.8226,0.9088,820,8975
934,fine,344,0.00027,0.9001,0.8895,5274,3776
1178,fine,344,0.00027,0.8926,0.8969,11598,4598
709,fine,344,0.00027,0.8217,0.8953,12467,3202
401,normal,344,0.00027,0.5663,0.875,11084,1628
1522,fine,343,0.00027,0.7597,0.9085,2864,6982
1493,fine,341,0.00026,0.6862,0.8584,890,6874
1734,fine,340,0.00026,0.646,0.8254,8911,7587
1990,fine,340,0.00026,0.7853,0.7798,1026,8655
115,fine,339,0.00026,0.5621,0.8073,321,426
1052,fine,337,0.00026,0.6208,0.8452,2128,4118
1435,fine,337,0.00026,0.5519,0.8165,5304,6450
742,fine,336,0.00026,0.7756,0.9042,12894,3332
624,fine,336,0.00026,0.574,0.9081,6314,2807
581,normal,336,0.00026,0.709,0.8975,13385,2568
27,fine,336,0.00026,0.6029,0.8906,10832,70
1295,fine,334,0.00026,0.6337,0.9069,366,5145
325,fine,333,0.00026,0.5476,0.9017,11257,1367
844,normal,332,0.00026,0.5956,0.9285,11216,3578
1022,fine,331,0.00026,0.8082,0.9284,5650,4010
39,fine,331,0.00026,0.7315,0.7026,6974,115
632,normal,330,0.00026,0.7589,0.9249,12633,2837
1251,fine,328,0.00025,0.7786,0.9152,12580,4888
416,fine,327,0.00025,0.6627,0.906,1672,1676
1377,fine,327,0.00025,0.8407,0.9259,13385,5772
856,fine,326,0.00025,0.8611,0.9262,11889,3608
1309,fine,326,0.00025,0.6446,0.8384,1826,5236
2135,fine,326,0.00025,0.7116,0.9114,290,9404
225,fine,326,0.00025,0.8657,0.9077,12532,862
1164,fine,325,0.00025,0.9088,0.9261,13397,4511
1825,fine,325,0.00025,0.6119,0.9291,2681,7869
1457,fine,324,0.00025,0.7452,0.8637,6954,6589
654,normal,324,0.00025,0.8812,0.9282,11694,2929
426,fine,323,0.00025,0.6369,0.7945,10148,1716
1420,fine,323,0.00025,0.6557,0.854,11774,6235
344,fine,323,0.00025,0.5214,0.7224,12287,1455
487,fine,323,0.00025,0.5142,0.8163,6849,2033
2022,fine,322,0.00025,0.6264,0.9286,7913,8765
101,fine,322,0.00025,0.5467,0.9089,9150,358
666,fine,322,0.00025,0.7473,0.85,4595,2983
944,fine,321,0.00025,0.7355,0.8997,11176,3802
1239,fine,321,0.00025,0.6539,0.9005,1552,4851
465,normal,321,0.00025,0.5029,0.7767,3373,1928
1581,fine,321,0.00025,0.6208,0.8963,3141,7150
1656,normal,318,0.00025,0.5483,0.8943,1210,7397
2099,fine,317,0.00025,0.5501,0.839,4777,9112
1236,fine,317,0.00025,0.6801,0.9116,1526,4842
1124,fine,317,0.00025,0.8052,0.9027,8828,4388
1132,fine,317,0.00025,0.9142,0.9107,11588,4417
488,fine,317,0.00025,0.7113,0.8507,4479,2050
1508,fine,316,0.00024,0.701,0.8866,3490,6941
991,fine,315,0.00024,0.6116,0.8256,2316,3924
1102,fine,315,0.00024,0.8886,0.9291,13059,4299
489,fine,314,0.00024,0.6387,0.7632,1262,2052
1018,fine,314,0.00024,0.6694,0.7561,2069,3990
321,fine,313,0.00024,0.6606,0.9206,7458,1354
463,fine,313,0.00024,0.5072,0.7265,2942,1916
692,fine,312,0.00024,0.76,0.9013,12471,3142
1138,fine,312,0.00024,0.6692,0.911,659,4440
235,fine,312,0.00024,0.8784,0.8715,12380,897
1047,fine,311,0.00024,0.8708,0.9252,5100,4114
76,fine,311,0.00024,0.7591,0.921,11059,268
816,fine,311,0.00024,0.9099,0.9053,13126,3511
1888,fine,311,0.00024,0.7686,0.9156,6729,8151
1787,fine,309,0.00024,0.6573,0.9008,2544,7781
1301,fine,309,0.00024,0.6278,0.7475,1809,5177
687,normal,309,0.00024,0.8222,0.767,10631,3122
579,normal,308,0.00024,0.8787,0.9037,10787,2560
62,fine,308,0.00024,0.7362,0.8784,11023,217
1635,fine,307,0.00024,0.7471,0.9261,3447,7323
2132,fine,307,0.00024,0.6587,0.8056,2043,9371
494,fine,306,0.00024,0.5459,0.9101,12525,2100
388,fine,306,0.00024,0.5013,0.8562,11561,1589
1718,fine,305,0.00024,0.6239,0.9083,1055,7567
1563,fine,304,0.00024,0.6487,0.7617,8443,7100
799,fine,304,0.00024,0.5666,0.7755,366,3465
996,fine,304,0.00024,0.8364,0.8874,4775,3939
953,fine,304,0.00024,0.8754,0.8678,12605,3836
1478,fine,304,0.00024,0.664,0.833,12746,6785
1691,fine,303,0.00023,0.7513,0.9032,1669,7500
396,fine,303,0.00023,0.5413,0.9059,11447,1615
1934,fine,303,0.00023,0.8765,0.8501,10678,8446
84,fine,302,0.00023,0.5048,0.9133,13340,305
1299,fine,302,0.00023,0.6398,0.7955,1922,5171
929,fine,300,0.00023,0.8879,0.9117,12619,3772
1042,fine,300,0.00023,0.6871,0.8506,5371,4099
1943,fine,300,0.00023,0.6835,0.7607,12517,8476
1909,fine,299,0.00023,0.7151,0.8884,6341,8289
404,fine,299,0.00023,0.6139,0.8002,12253,1636
60,fine,299,0.00023,0.5838,0.6759,3001,212
2086,fine,298,0.00023,0.6426,0.9268,1634,9035
858,fine,298,0.00023,0.7784,0.9271,3766,3610
1057,normal,298,0.00023,0.5302,0.8406,3251,4129
1313,fine,298,0.00023,0.7715,0.9359,12191,5265
270,fine,297,0.00023,0.7003,0.8943,11874,1081
372,fine,297,0.00023,0.6197,0.7995,7096,1556
1019,normal,297,0.00023,0.588,0.9135,9859,3997
375,fine,295,0.00023,0.5452,0.7979,7844,1557
1448,fine,295,0.00023,0.5501,0.9097,10436,6541
794,fine,295,0.00023,0.8338,0.9035,5056,3449
87,fine,295,0.00023,0.6602,0.9157,6164,311
1641,fine,294,0.00023,0.68,0.8548,3277,7330
518,fine,294,0.00023,0.638,0.8809,922,2237
528,fine,293,0.00023,0.5924,0.7555,11806,2293
1092,fine,293,0.00023,0.5552,0.7898,2420,4274
89,fine,293,0.00023,0.6437,0.8209,9958,313
1264,fine,293,0.00023,0.792,0.9303,13171,4962
921,fine,292,0.00023,0.8954,0.9214,5123,3762
1394,fine,292,0.00023,0.7298,0.8991,11777,5998
1942,fine,292,0.00023,0.6435,0.905,1578,8467
984,normal,292,0.00023,0.7313,0.9074,9764,3913
2007,fine,292,0.00023,0.7906,0.8523,6823,8706
1514,fine,291,0.00022,0.8407,0.8846,3254,6958
728,normal,291,0.00022,0.7148,0.8914,10400,3275
294,normal,290,0.00022,0.6177,0.7378,11633,1195
438,fine,290,0.00022,0.7456,0.9115,5095,1760
346,fine,289,0.00022,0.5345,0.9049,565,1455
1901,normal,288,0.00022,0.6369,0.8448,4833,8237
1578,normal,287,0.00022,0.5036,0.8568,4085,7140
441,fine,286,0.00022,0.6472,0.8301,13020,1762
867,fine,285,0.00022,0.8128,0.8842,4353,3635
2081,fine,285,0.00022,0.7663,0.9081,2989,9011
1058,fine,284,0.00022,0.7002,0.7839,1634,4138
24,fine,284,0.00022,0.5241,0.7642,523,66
1977,fine,284,0.00022,0.8944,0.9106,5770,8606
357,fine,284,0.00022,0.6236,0.9131,7501,1495
1606,fine,284,0.00022,0.6264,0.8438,6652,7241
923,fine,284,0.00022,0.8721,0.9261,12573,3765
1631,fine,283,0.00022,0.7026,0.9034,9853,7311
820,fine,282,0.00022,0.7345,0.9056,8225,3521
701,fine,282,0.00022,0.7877,0.8413,4331,3187
790,fine,281,0.00022,0.8785,0.89,12750,3431
1197,fine,281,0.00022,0.8212,0.9335,11584,4693
560,fine,280,0.00022,0.5783,0.7284,1463,2445
1852,fine,280,0.00022,0.6182,0.8516,2678,7986
185,fine,280,0.00022,0.8999,0.9201,13229,713
756,fine,280,0.00022,0.7567,0.8677,13022,3365
88,fine,280,0.00022,0.5983,0.8543,1348,313
931,fine,280,0.00022,0.8263,0.8864,12454,3774
988,fine,279,0.00022,0.716,0.7969,1917,3920
1924,fine,279,0.00022,0.6912,0.9251,9764,8388
427,fine,279,0.00022,0.601,0.8924,11427,1714
2005,fine,278,0.00021,0.7144,0.8712,9273,8690
962,fine,277,0.00021,0.5775,0.8729,10738,3865
845,fine,277,0.00021,0.5418,0.7808,415,3582
1154,fine,276,0.00021,0.5137,0.824,3202,4476
1526,fine,276,0.00021,0.6421,0.9069,13151,6990
2071,fine,276,0.00021,0.5371,0.8973,13301,8979
421,fine,276,0.00021,0.6223,0.7604,12323,1705
1708,fine,276,0.00021,0.6687,0.9007,991,7532
2112,fine,276,0.00021,0.8283,0.9089,10533,9168
2004,fine,275,0.00021,0.9043,0.9295,2790,8686
1730,fine,273,0.00021,0.7314,0.9095,1618,7588
1237,fine,273,0.00021,0.8831,0.6566,12245,4838
578,fine,272,0.00021,0.6356,0.8993,10421,2557
1063,fine,272,0.00021,0.9039,0.9155,13250,4147
2103,fine,271,0.00021,0.5337,0.7583,4752,9134
1460,fine,271,0.00021,0.7393,0.9304,6333,6610
1386,fine,271,0.00021,0.7156,0.894,11924,5902
481,fine,270,0.00021,0.609,0.8642,775,2007
1738,fine,270,0.00021,0.8073,0.8549,3491,7596
21,fine,269,0.00021,0.6476,0.7396,944,52
212,fine,269,0.00021,0.5869,0.8993,4670,809
498,normal,268,0.00021,0.5432,0.7066,330,2122
466,fine,268,0.00021,0.6383,0.8171,11716,1926
1260,fine,268,0.00021,0.8691,0.9289,12288,4944
154,fine,267,0.00021,0.629,0.8924,4313,612
200,fine,267,0.00021,0.9231,0.877,13119,756
521,normal,267,0.00021,0.5185,0.9253,10687,2257
1741,normal,266,0.00021,0.6775,0.9176,1980,7611
1113,fine,266,0.00021,0.8555,0.9154,12920,4346
1986,fine,265,0.0002,0.849,0.9194,10507,8635
1788,fine,265,0.0002,0.5179,0.8184,2448,7786
2157,fine,265,0.0002,0.5253,0.8572,9404,9613
408,fine,265,0.0002,0.5796,0.9087,11533,1650
309,normal,265,0.0002,0.503,0.7808,12118,1300
256,fine,264,0.0002,0.7613,0.9082,11336,999
223,fine,264,0.0002,0.9234,0.9136,11683,849
483,fine,264,0.0002,0.6987,0.743,11999,2013
1136,fine,263,0.0002,0.6724,0.7699,884,4430
917,normal,262,0.0002,0.8089,0.9035,9460,3749
434,normal,262,0.0002,0.5395,0.7721,13332,1741
328,fine,261,0.0002,0.6717,0.7028,1956,1380
182,fine,261,0.0002,0.8779,0.8782,12733,711
410,fine,261,0.0002,0.6318,0.7703,10457,1662
2084,fine,261,0.0002,0.745,0.886,3000,9033
1750,fine,261,0.0002,0.675,0.8356,1521,7636
1096,fine,260,0.0002,0.5463,0.7469,2035,4284
362,fine,260,0.0002,0.5569,0.8685,12014,1519
1770,fine,260,0.0002,0.5416,0.9077,2707,7722
1230,fine,259,0.0002,0.6155,0.8869,9670,4825
1276,fine,259,0.0002,0.6663,0.8925,204,5008
1186,fine,258,0.0002,0.669,0.9147,1528,4651
1247,fine,258,0.0002,0.5882,0.9196,9893,4877
1077,fine,257,0.0002,0.7618,0.8103,8593,4224
910,fine,257,0.0002,0.924,0.8828,11582,3735
712,fine,256,0.0002,0.6769,0.8318,1594,3221
1101,fine,255,0.0002,0.6941,0.8641,5356,4295
1638,fine,255,0.0002,0.6605,0.9109,1831,7323
1373,fine,255,0.0002,0.6954,0.9291,2160,5759
1015,fine,254,0.0002,0.7075,0.8935,1776,3981
26,normal,254,0.0002,0.6378,0.8678,8273,69
431,fine,254,0.0002,0.6154,0.8841,11451,1721
132,fine,254,0.0002,0.6623,0.7978,1947,473
112,fine,254,0.0002,0.6693,0.7604,4915,396
1521,normal,254,0.0002,0.5776,0.9339,2093,6977
2140,fine,254,0.0002,0.6416,0.8926,373,9440
2133,fine,253,0.0002,0.6826,0.7629,10497,9381
1366,fine,253,0.0002,0.7648,0.812,11808,5695
228,fine,253,0.0002,0.8549,0.7762,12569,867
1627,normal,253,0.0002,0.6718,0.9078,2907,7295
1516,normal,252,0.00019,0.5936,0.9153,2113,6969
586,normal,252,0.00019,0.6922,0.799,12751,2598
1352,normal,251,0.00019,0.7771,0.9283,3762,5578
928,fine,251,0.00019,0.9203,0.9117,11695,3769
1106,fine,250,0.00019,0.6075,0.8373,9883,4327
791,fine,250,0.00019,0.6283,0.9171,7194,3440
2014,fine,249,0.00019,0.7312,0.8825,5584,8722
45,fine,249,0.00019,0.6508,0.6268,1531,156
800,fine,249,0.00019,0.8289,0.9099,4316,3467
1545,fine,249,0.00019,0.558,0.8448,10406,7037
1764,fine,248,0.00019,0.6429,0.9011,1774,7708
313,fine,248,0.00019,0.7097,0.8615,10443,1318
1097,fine,247,0.00019,0.8851,0.8848,11940,4285
1899,fine,246,0.00019,0.7484,0.8833,6645,8225
932,fine,246,0.00019,0.8104,0.9111,4527,3778
1425,fine,245,0.00019,0.5515,0.8364,9838,6333
170,fine,245,0.00019,0.6205,0.8808,5466,655
1745,fine,244,0.00019,0.6134,0.9261,6906,7619
242,fine,244,0.00019,0.8895,0.8718,11850,904
280,fine,244,0.00019,0.7108,0.7952,10456,1114
1484,fine,244,0.00019,0.6372,0.9117,1066,6831
1856,fine,244,0.00019,0.8462,0.9071,3708,7992
75,fine,244,0.00019,0.713,0.8757,10104,268
373,fine,244,0.00019,0.5478,0.7687,10767,1555
273,fine,243,0.00019,0.6334,0.8704,1643,1084
1617,normal,242,0.00019,0.5933,0.8972,2130,7284
276,fine,242,0.00019,0.6649,0.7637,11320,1094
1881,fine,242,0.00019,0.7338,0.8351,3705,8101
1676,normal,241,0.00019,0.5988,0.7607,8110,7460
192,fine,241,0.00019,0.8018,0.7782,11159,737
398,fine,241,0.00019,0.5905,0.7714,4678,1618
260,fine,241,0.00019,0.7866,0.8985,11387,1014
823,fine,240,0.00019,0.9058,0.8865,13091,3528
1621,fine,240,0.00019,0.7373,0.9043,3479,7283
1624,normal,240,0.00019,0.5538,0.9295,8304,7287
315,fine,240,0.00019,0.6446,0.7884,7087,1325
512,fine,239,0.00018,0.7223,0.725,4751,2202
793,fine,238,0.00018,0.8648,0.9022,13101,3448
1270,fine,238,0.00018,0.6726,0.8893,262,4984
889,fine,238,0.00018,0.8403,0.8453,4431,3676
1223,fine,237,0.00018,0.752,0.9185,1138,4813
1861,fine,237,0.00018,0.7714,0.8986,3660,8003
1941,fine,237,0.00018,0.5928,0.9056,731,8466
733,fine,236,0.00018,0.7141,0.9098,9634,3287
1754,fine,236,0.00018,0.815,0.8909,12711,7661
762,normal,236,0.00018,0.6237,0.8922,10389,3374
1778,normal,236,0.00018,0.587,0.8883,1189,7757
937,fine,235,0.00018,0.9168,0.9069,11626,3786
1228,fine,235,0.00018,0.5751,0.7533,1823,4823
1469,fine,235,0.00018,0.7499,0.9247,6412,6648
123,fine,235,0.00018,0.628,0.8893,13233,444
298,normal,234,0.00018,0.5034,0.7756,12262,1221
2016,fine,234,0.00018,0.8987,0.892,2901,8737
964,fine,233,0.00018,0.5959,0.913,9203,3870
1257,fine,233,0.00018,0.6526,0.9135,7910,4926
1851,fine,233,0.00018,0.793,0.9109,3664,7981
1294,fine,233,0.00018,0.551,0.8226,2455,5138
194,fine,232,0.00018,0.8903,0.9068,12657,737
2020,fine,232,0.00018,0.6282,0.7262,12837,8753
238,fine,232,0.00018,0.8714,0.9011,12959,898
1181,fine,230,0.00018,0.8254,0.7721,1254,4604
1647,normal,230,0.00018,0.5116,0.9253,721,7352
1567,fine,230,0.00018,0.8801,0.8765,2653,7118
1837,fine,230,0.00018,0.5886,0.9278,2231,7916
1819,normal,230,0.00018,0.591,0.851,1833,7851
1405,normal,230,0.00018,0.5719,0.78,8536,6107
2090,fine,229,0.00018,0.6321,0.9065,1320,9048
405,fine,229,0.00018,0.6106,0.8006,7064,1639
648,normal,229,0.00018,0.8495,0.8722,11720,2897
1442,normal,229,0.00018,0.5477,0.9097,8238,6500
336,fine,229,0.00018,0.6821,0.9047,7357,1430
1451,fine,228,0.00018,0.6715,0.8265,627,6556
830,normal,228,0.00018,0.7144,0.8536,11212,3542
220,fine,228,0.00018,0.8775,0.9057,12797,833
2018,fine,228,0.00018,0.7828,0.7638,6850,8743
1580,fine,228,0.00018,0.5536,0.8649,2436,7149
2146,fine,227,0.00018,0.5237,0.9417,9359,9503
252,fine,227,0.00018,0.835,0.7904,12959,981
2037,fine,225,0.00017,0.8815,0.9176,2975,8835
1335,fine,225,0.00017,0.7559,0.9238,12314,5402
1180,fine,225,0.00017,0.7375,0.8079,1482,4604
1786,fine,224,0.00017,0.9489,0.9043,3932,7777
502,fine,224,0.00017,0.5359,0.8212,2695,2133
1767,fine,224,0.00017,0.8357,0.9089,12831,7714
1340,fine,224,0.00017,0.6725,0.8196,12932,5442
1227,fine,223,0.00017,0.7611,0.899,1162,4826
1098,fine,223,0.00017,0.7698,0.8954,12206,4290
1250,fine,222,0.00017,0.6776,0.88,11525,4886
895,normal,222,0.00017,0.6387,0.8591,10892,3693
938,fine,222,0.00017,0.886,0.917,12644,3783
44,normal,222,0.00017,0.7149,0.8562,13277,150
1090,fine,221,0.00017,0.8967,0.922,13114,4265
37,fine,220,0.00017,0.6346,0.774,5710,102
1832,normal,220,0.00017,0.6629,0.8998,1904,7904
369,fine,220,0.00017,0.6188,0.7556,7131,1551
1300,fine,220,0.00017,0.5607,0.8079,2342,5167
1574,fine,219,0.00017,0.6636,0.8729,2487,7136
1737,normal,219,0.00017,0.6974,0.8973,1997,7602
626,normal,219,0.00017,0.9006,0.9121,11696,2824
753,fine,219,0.00017,0.6611,0.8932,1793,3361
778,fine,218,0.00017,0.8003,0.8208,13174,3420
470,fine,218,0.00017,0.6727,0.7384,4215,1947
1709,fine,218,0.00017,0.7244,0.9137,9709,7535
1566,normal,218,0.00017,0.7805,0.9133,1205,7111
670,fine,217,0.00017,0.634,0.791,10059,3015
775,fine,216,0.00017,0.8195,0.9113,4205,3413
863,fine,216,0.00017,0.8893,0.9045,11557,3627
1323,normal,216,0.00017,0.5006,0.8973,11801,5347
1615,fine,216,0.00017,0.5244,0.9307,3176,7263
803,fine,216,0.00017,0.604,0.7002,3393,3469
1149,fine,215,0.00017,0.8951,0.9114,11397,4463
126,fine,215,0.00017,0.8218,0.8553,11074,449
1143,fine,214,0.00017,0.8867,0.894,11794,4444
1726,fine,214,0.00017,0.5393,0.7842,1229,7578
797,fine,214,0.00017,0.8761,0.8804,13077,3455
1009,fine,214,0.00017,0.6333,0.8943,10973,3961
1066,fine,214,0.00017,0.5451,0.9031,9652,4159
1910,fine,214,0.00017,0.7787,0.9167,10994,8289
251,fine,214,0.00017,0.7996,0.893,11375,969
597,fine,214,0.00017,0.5946,0.896,3966,2656
2155,fine,214,0.00017,0.5215,0.7807,8944,9595
1172,fine,213,0.00016,0.5626,0.7644,9209,4558
971,fine,213,0.00016,0.7907,0.9058,11193,3882
1561,fine,211,0.00016,0.6106,0.8594,13075,7098
1640,fine,211,0.00016,0.7457,0.8336,12377,7326
1589,fine,211,0.00016,0.7319,0.8314,2528,7165
859,fine,211,0.00016,0.8712,0.9195,4869,3612
1863,fine,211,0.00016,0.7451,0.8643,585,8022
2017,fine,210,0.00016,0.829,0.9119,10236,8737
919,fine,210,0.00016,0.7019,0.8852,5813,3750
1579,normal,210,0.00016,0.7877,0.8992,1241,7147
1700,fine,210,0.00016,0.7081,0.9204,1726,7512
1845,fine,210,0.00016,0.7331,0.9173,9298,7948
419,fine,210,0.00016,0.6156,0.6232,11781,1687
1991,fine,210,0.00016,0.7011,0.8121,12588,8650
1001,fine,210,0.00016,0.8806,0.9178,4861,3944
354,fine,210,0.00016,0.6105,0.8992,4090,1480
342,normal,210,0.00016,0.5905,0.8452,11419,1450
826,fine,209,0.00016,0.8126,0.8709,5302,3530
253,fine,209,0.00016,0.6969,0.7849,6968,987
499,fine,209,0.00016,0.8184,0.8282,11736,2123
558,fine,209,0.00016,0.6406,0.788,4236,2432
1664,fine,209,0.00016,0.6741,0.8992,9326,7423
2054,fine,209,0.00016,0.8183,0.9202,3023,8922
458,fine,208,0.00016,0.7007,0.8766,4528,1889
1781,normal,208,0.00016,0.5487,0.8596,2426,7755
47,fine,208,0.00016,0.6862,0.7685,11206,162
471,fine,207,0.00016,0.5381,0.5824,2404,1950
625,normal,207,0.00016,0.9158,0.7233,13394,2814
1780,fine,207,0.00016,0.6868,0.9137,1694,7758
173,fine,206,0.00016,0.8922,0.8556,12399,653
747,fine,206,0.00016,0.8335,0.853,4499,3346
155,normal,206,0.00016,0.5661,0.836,871,615
652,fine,205,0.00016,0.5538,0.7497,6380,2912
232,fine,205,0.00016,0.9019,0.8649,11817,888
1111,fine,205,0.00016,0.6503,0.7626,982,4335
1560,fine,205,0.00016,0.7252,0.9059,2508,7097
1749,fine,205,0.00016,0.8446,0.9071,12765,7626
1118,fine,205,0.00016,0.9567,0.8627,13289,4359
2138,fine,204,0.00016,0.7014,0.9156,306,9420
389,fine,204,0.00016,0.5069,0.8486,11305,1587
1891,fine,204,0.00016,0.6471,0.6746,431,8196
1704,fine,204,0.00016,0.8044,0.879,6057,7519
893,normal,204,0.00016,0.742,0.904,9412,3689
65,fine,204,0.00016,0.6446,0.8791,5081,244
2067,fine,204,0.00016,0.8885,0.8886,10737,8958
19,normal,203,0.00016,0.6084,0.8781,12728,49
1306,fine,203,0.00016,0.5505,0.7834,11456,5208
35,fine,203,0.00016,0.7506,0.8693,6857,100
1081,fine,203,0.00016,0.5995,0.7401,1904,4229
834,fine,203,0.00016,0.813,0.8586,5330,3544
403,fine,202,0.00016,0.6213,0.7357,4103,1630
171,fine,202,0.00016,0.6756,0.883,10704,650
980,fine,202,0.00016,0.8891,0.8837,5358,3900
1612,fine,202,0.00016,0.5792,0.8975,3197,7258
829,normal,202,0.00016,0.5584,0.8963,10533,3540
1109,fine,201,0.00016,0.515,0.9023,2240,4328
1814,fine,201,0.00016,0.8074,0.8866,12822,7838
15,fine,201,0.00016,0.6214,0.6475,887,31
782,fine,201,0.00016,0.8729,0.7926,12484,3429
141,fine,201,0.00016,0.629,0.6396,6294,520
602,fine,200,0.00015,0.6044,0.8039,7526,2678
2031,fine,200,0.00015,0.8771,0.8597,2632,8805
1281,fine,200,0.00015,0.6736,0.8463,500,5022
1222,fine,199,0.00015,0.8234,0.9111,12374,4800
374,fine,199,0.00015,0.6068,0.7868,4517,1556
1,fine,198,0.00015,0.6731,0.8301,1147,7
1190,fine,198,0.00015,0.5929,0.7724,9240,4677
172,fine,198,0.00015,0.8572,0.9005,12752,654
814,fine,197,0.00015,0.8436,0.9134,4445,3504
2121,fine,197,0.00015,0.7843,0.9106,10536,9259
1032,fine,197,0.00015,0.8133,0.906,5618,4044
412,fine,197,0.00015,0.6143,0.9081,4558,1666
1327,fine,197,0.00015,0.7764,0.9186,12261,5357
1275,fine,196,0.00015,0.8624,0.8396,13286,5001
2038,fine,196,0.00015,0.6401,0.7791,12907,8839
1305,fine,196,0.00015,0.5244,0.8973,3136,5206
244,fine,196,0.00015,0.8679,0.8941,12369,921
1542,normal,196,0.00015,0.6157,0.8747,1423,7028
2091,fine,196,0.00015,0.654,0.8853,1206,9051
1471,normal,196,0.00015,0.5113,0.9104,1968,6692
1736,normal,196,0.00015,0.7917,0.888,594,7597
1597,normal,196,0.00015,0.6991,0.8893,1163,7189
181,fine,195,0.00015,0.9325,0.8876,11703,701
1744,fine,195,0.00015,0.8414,0.8871,12736,7614
2148,fine,195,0.00015,0.6652,0.7824,2062,9519
1345,normal,195,0.00015,0.614,0.7308,9511,5523
1159,fine,194,0.00015,0.8524,0.8018,13018,4489
258,fine,194,0.00015,0.698,0.8773,6988,1010
1105,fine,193,0.00015,0.9418,0.8876,13265,4319
229,fine,193,0.00015,0.8805,0.8839,11500,877
1269,fine,193,0.00015,0.782,0.9028,13156,4979
1947,fine,191,0.00015,0.8945,0.877,5806,8502
1675,fine,191,0.00015,0.5929,0.7619,6813,7456
1414,normal,191,0.00015,0.7568,0.8781,94,6205
723,fine,191,0.00015,0.7506,0.903,4772,3254
447,fine,191,0.00015,0.6205,0.8013,12980,1793
178,fine,191,0.00015,0.89,0.9045,13246,693
406,fine,191,0.00015,0.6498,0.7722,10261,1645
1481,fine,191,0.00015,0.5814,0.9133,6775,6813
1209,fine,191,0.00015,0.6758,0.8607,2987,4744
1575,fine,191,0.00015,0.5646,0.9165,13355,7136
1011,normal,191,0.00015,0.5257,0.8788,9926,3968
193,fine,190,0.00015,0.9422,0.8497,12019,737
1144,fine,190,0.00015,0.8555,0.8888,11063,4445
1116,fine,190,0.00015,0.8833,0.9258,11899,4354
1877,fine,190,0.00015,0.6834,0.6636,440,8081
1023,fine,190,0.00015,0.8117,0.9057,5437,4008
533,fine,189,0.00015,0.7178,0.8824,4464,2327
2139,fine,189,0.00015,0.7396,0.8835,234,9434
108,fine,189,0.00015,0.6009,0.8547,4582,383
1252,fine,189,0.00015,0.5871,0.9011,9860,4886
2152,fine,188,0.00015,0.5295,0.8736,8465,9553
1163,fine,187,0.00014,0.8965,0.8776,11495,4507
1447,fine,187,0.00014,0.5349,0.6798,8570,6531
573,normal,185,0.00014,0.5847,0.8461,10625,2526
377,fine,185,0.00014,0.5251,0.7739,7983,1558
1919,fine,185,0.00014,0.6497,0.8861,7097,8338
119,fine,184,0.00014,0.6189,0.7981,10053,437
292,fine,184,0.00014,0.6803,0.7285,10712,1186
1137,fine,184,0.00014,0.7742,0.9023,10962,4431
366,fine,184,0.00014,0.5793,0.7296,10743,1532
1241,fine,184,0.00014,0.7419,0.9051,1149,4849
1925,fine,184,0.00014,0.6996,0.903,2304,8393
435,fine,183,0.00014,0.5962,0.6756,12461,1744
1591,fine,183,0.00014,0.5886,0.838,2827,7174
1762,fine,183,0.00014,0.7675,0.8505,6131,7686
1170,fine,183,0.00014,0.7742,0.6597,1196,4545
999,fine,183,0.00014,0.7114,0.7702,1885,3939
1913,fine,182,0.00014,0.8946,0.8957,10410,8322
1095,fine,182,0.00014,0.9115,0.8587,13167,4283
1248,fine,182,0.00014,0.7752,0.7555,2800,4879
449,fine,182,0.00014,0.679,0.6769,11988,1797
1792,normal,181,0.00014,0.6616,0.8976,2094,7800
236,fine,181,0.00014,0.8849,0.8313,12249,892
504,fine,181,0.00014,0.5025,0.7037,3523,2146
959,normal,180,0.00014,0.5082,0.8272,10805,3851
2143,fine,180,0.00014,0.6681,0.7547,2191,9484
1705,fine,180,0.00014,0.7538,0.9115,1633,7523
873,fine,180,0.00014,0.8987,0.8899,4653,3642
847,fine,180,0.00014,0.8703,0.8459,5009,3589
1353,fine,179,0.00014,0.6868,0.8987,12318,5588
1129,fine,179,0.00014,0.5481,0.743,1724,4391
1978,fine,179,0.00014,0.7195,0.8913,6967,8602
1921,fine,178,0.00014,0.8827,0.8474,10625,8369
1020,fine,177,0.00014,0.7861,0.918,12376,3995
770,fine,177,0.00014,0.5805,0.839,2564,3396
1038,fine,177,0.00014,0.6637,0.9214,8313,4068
1214,fine,177,0.00014,0.602,0.8473,9010,4748
1616,fine,177,0.00014,0.775,0.8798,3284,7264
2,normal,177,0.00014,0.5067,0.743,5581,3
695,fine,177,0.00014,0.6819,0.8735,12671,3156
903,fine,176,0.00014,0.8941,0.8901,4650,3724
637,fine,176,0.00014,0.5876,0.8524,6233,2855
808,fine,176,0.00014,0.764,0.9036,9853,3477
1721,fine,176,0.00014,0.7171,0.9101,9734,7561
729,fine,176,0.00014,0.9153,0.853,12638,3271
2048,fine,175,0.00014,0.8525,0.9106,2584,8891
760,fine,175,0.00014,0.7155,0.8884,2397,3367
1087,fine,175,0.00014,0.8386,0.8963,5016,4258
42,fine,175,0.00014,0.6657,0.7302,1120,127
1192,fine,175,0.00014,0.6186,0.8655,9951,4680
1131,fine,175,0.00014,0.8481,0.8923,11965,4398
415,fine,175,0.00014,0.5877,0.6195,12806,1674
1465,fine,174,0.00013,0.7447,0.9077,6354,6622
1187,fine,174,0.00013,0.5075,0.7625,2043,4658
1879,fine,174,0.00013,0.7262,0.7956,3677,8088
474,fine,174,0.00013,0.7427,0.6873,4902,1975
1669,fine,174,0.00013,0.7506,0.8543,1681,7438
138,fine,174,0.00013,0.7491,0.8739,13387,494
513,fine,174,0.00013,0.6924,0.7556,4368,2202
103,fine,174,0.00013,0.5814,0.8093,1340,368
166,fine,173,0.00013,0.637,0.7056,5821,641
1161,fine,172,0.00013,0.8565,0.9105,11829,4500
541,normal,172,0.00013,0.7505,0.6164,10881,2347
1043,fine,172,0.00013,0.7241,0.8573,1493,4100
675,normal,171,0.00013,0.5223,0.6642,11827,3049
811,fine,171,0.00013,0.8095,0.8845,4188,3488
813,fine,171,0.00013,0.8302,0.8991,4906,3500
125,fine,171,0.00013,0.664,0.7501,6042,444
409,fine,171,0.00013,0.5125,0.699,8220,1657
1711,fine,170,0.00013,0.7004,0.9053,1023,7537
739,fine,170,0.00013,0.7546,0.9134,8451,3313
860,fine,170,0.00013,0.8668,0.7671,4540,3616
1892,fine,170,0.00013,0.7269,0.8163,6234,8197
162,fine,169,0.00013,0.6218,0.879,5487,631
1080,fine,169,0.00013,0.6325,0.7584,1741,4231
995,fine,169,0.00013,0.7786,0.8354,10466,3930
1419,normal,169,0.00013,0.6052,0.7622,2041,6230
303,fine,168,0.00013,0.6924,0.7847,13186,1272
1173,fine,168,0.00013,0.8552,0.8819,13082,4552
117,fine,168,0.00013,0.6699,0.734,6728,433
1421,fine,168,0.00013,0.7077,0.7437,522,6242
1985,fine,168,0.00013,0.6311,0.8704,1560,8633
1599,fine,168,0.00013,0.7101,0.8011,12360,7192
1099,fine,168,0.00013,0.848,0.7825,8741,4293
482,fine,168,0.00013,0.7075,0.8909,5216,2012
197,fine,168,0.00013,0.9171,0.887,13297,744
636,fine,168,0.00013,0.6651,0.7606,4481,2847
927,fine,168,0.00013,0.8862,0.8737,12675,3766
714,fine,167,0.00013,0.7827,0.8722,4716,3226
970,fine,167,0.00013,0.5097,0.721,2978,3879
149,normal,167,0.00013,0.5043,0.7812,18,573
208,fine,167,0.00013,0.6334,0.6581,5862,797
363,fine,167,0.00013,0.6034,0.6897,4004,1524
1674,fine,167,0.00013,0.57,0.7338,2543,7445
832,fine,166,0.00013,0.8447,0.8863,4869,3539
382,fine,166,0.00013,0.6848,0.8294,13133,1573
1177,fine,166,0.00013,0.6791,0.8989,8849,4591
1634,fine,166,0.00013,0.6389,0.8741,3251,7315
367,fine,166,0.00013,0.5627,0.6907,12402,1540
678,fine,166,0.00013,0.7154,0.8771,8795,3062
1917,fine,165,0.00013,0.8215,0.7985,5742,8337
1086,fine,165,0.00013,0.8409,0.8845,12101,4251
83,normal,164,0.00013,0.5143,0.8687,12693,301
1834,normal,164,0.00013,0.5812,0.8937,2803,7907
459,fine,164,0.00013,0.5606,0.5827,12579,1884
1093,fine,164,0.00013,0.5643,0.9013,2875,4277
55,fine,164,0.00013,0.6812,0.8579,6501,193
2114,normal,164,0.00013,0.5638,0.7212,9946,9183
105,fine,164,0.00013,0.5424,0.8377,8713,374
1134,fine,163,0.00013,0.9351,0.8773,13261,4417
1418,normal,163,0.00013,0.7607,0.8728,75,6224
1157,fine,163,0.00013,0.7883,0.8968,8724,4484
1474,fine,162,0.00013,0.6817,0.769,702,6709
1445,fine,162,0.00013,0.6829,0.8862,592,6515
1952,normal,162,0.00013,0.5012,0.8956,7234,8518
1668,fine,162,0.00013,0.7353,0.8956,1556,7436
640,normal,161,0.00012,0.7247,0.9143,12626,2861
93,fine,161,0.00012,0.7144,0.7408,5787,337
319,fine,161,0.00012,0.5583,0.8394,11231,1346
146,fine,161,0.00012,0.5774,0.6204,10443,552
70,fine,160,0.00012,0.639,0.7034,4778,256
750,fine,160,0.00012,0.8044,0.8324,12854,3348
1844,normal,160,0.00012,0.745,0.7289,1449,7937
2105,fine,160,0.00012,0.6254,0.8105,6622,9137
150,fine,160,0.00012,0.8855,0.8357,11635,582
1858,normal,160,0.00012,0.5475,0.8748,2003,7990
469,fine,159,0.00012,0.7163,0.6162,4550,1943
1755,fine,159,0.00012,0.8329,0.8648,12769,7660
952,fine,159,0.00012,0.8811,0.7718,12666,3820
2009,fine,159,0.00012,0.6258,0.9228,12422,8707
201,fine,159,0.00012,0.5982,0.7446,1703,753
1648,fine,159,0.00012,0.7364,0.8117,12374,7352
612,fine,159,0.00012,0.605,0.7812,5078,2757
726,normal,159,0.00012,0.6258,0.8687,13262,3264
443,fine,159,0.00012,0.6035,0.8789,7133,1772
1900,fine,159,0.00012,0.6269,0.7426,13052,8231
630,fine,158,0.00012,0.7585,0.8331,7473,2833
2027,normal,158,0.00012,0.5633,0.8882,7425,8779
94,fine,158,0.00012,0.6856,0.7814,10151,336
411,fine,157,0.00012,0.6547,0.882,10289,1663
285,fine,157,0.00012,0.5806,0.7408,10977,1139
1389,fine,157,0.00012,0.639,0.8554,13221,5953
176,fine,156,0.00012,0.8602,0.8704,13112,661
1644,fine,156,0.00012,0.6666,0.8904,1516,7331
1896,fine,155,0.00012,0.7621,0.8778,6689,8214
507,fine,155,0.00012,0.7611,0.8534,11742,2166
440,fine,155,0.00012,0.6358,0.7085,10345,1762
2073,fine,155,0.00012,0.8892,0.8763,10735,8981
190,fine,155,0.00012,0.8875,0.8831,12672,728
872,fine,155,0.00012,0.6488,0.852,1249,3637
1540,fine,155,0.00012,0.6586,0.6221,8420,7019
1831,normal,154,0.00012,0.6592,0.8549,1884,7901
561,normal,154,0.00012,0.9085,0.856,11456,2442
2116,fine,154,0.00012,0.6637,0.77,6865,9208
1923,fine,154,0.00012,0.6361,0.7908,1731,8381
1065,fine,154,0.00012,0.6076,0.7736,2156,4149
1811,fine,154,0.00012,0.7791,0.8888,6202,7829
1964,fine,153,0.00012,0.5161,0.8734,7301,8566
711,fine,153,0.00012,0.7028,0.8541,7995,3212
850,fine,153,0.00012,0.8698,0.8767,5522,3598
1010,fine,153,0.00012,0.5119,0.6196,2936,3967
1044,normal,152,0.00012,0.5073,0.8865,9848,4105
1031,fine,152,0.00012,0.8789,0.862,5122,4037
218,fine,152,0.00012,0.888,0.8507,11499,814
2092,fine,152,0.00012,0.8955,0.8935,10776,9052
2002,fine,152,0.00012,0.6361,0.8781,1455,8679
1998,fine,152,0.00012,0.7056,0.7822,12627,8657
565,fine,152,0.00012,0.5622,0.7927,5327,2467
809,fine,152,0.00012,0.7734,0.8958,11518,3482
545,fine,152,0.00012,0.6279,0.7397,5120,2360
981,fine,151,0.00012,0.8465,0.8522,10141,3905
1263,fine,151,0.00012,0.7425,0.8437,2858,4949
1183,fine,151,0.00012,0.8747,0.8658,13385,4611
485,fine,151,0.00012,0.7267,0.8749,11577,2023
1249,fine,151,0.00012,0.8843,0.8893,12239,4880
807,fine,151,0.00012,0.821,0.8786,4918,3471
50,fine,151,0.00012,0.7604,0.8157,10272,186
2149,fine,150,0.00012,0.6605,0.757,6339,9522
784,fine,150,0.00012,0.8359,0.8514,13063,3428
1686,fine,150,0.00012,0.7498,0.8893,1686,7489
2042,normal,150,0.00012,0.6397,0.8351,7368,8853
448,fine,149,0.00012,0.6395,0.7981,13029,1793
339,fine,149,0.00012,0.6555,0.7476,6922,1436
1328,fine,149,0.00012,0.7719,0.8984,12287,5358
302,fine,149,0.00012,0.6017,0.6914,4611,1252
1333,normal,149,0.00012,0.5278,0.9042,11756,5367
1121,fine,148,0.00011,0.9168,0.8504,11315,4377
455,fine,148,0.00011,0.6466,0.7977,11538,1864
1920,fine,148,0.00011,0.7226,0.8077,6312,8361
1682,fine,147,0.00011,0.6647,0.8931,977,7476
645,fine,147,0.00011,0.6187,0.7497,10274,2871
422,fine,146,0.00011,0.6863,0.5726,1828,1703
2012,fine,146,0.00011,0.8194,0.9268,5919,8714
890,fine,146,0.00011,0.903,0.8613,5375,3684
1695,fine,146,0.00011,0.7231,0.8977,1002,7504
184,fine,146,0.00011,0.9001,0.839,13270,710
500,fine,146,0.00011,0.5392,0.6853,2371,2119
904,fine,146,0.00011,0.8912,0.8672,11311,3724
57,fine,146,0.00011,0.6744,0.6929,6447,210
1583,fine,145,0.00011,0.5953,0.8549,2868,7150
2085,fine,145,0.00011,0.6971,0.8826,6772,9031
1588,fine,144,0.00011,0.5235,0.8233,4127,7164
222,fine,144,0.00011,0.911,0.8562,11618,843
317,fine,143,0.00011,0.565,0.6751,6755,1341
1590,fine,143,0.00011,0.5253,0.8969,13323,7167
2039,fine,142,0.00011,0.7169,0.8978,9359,8843
1005,fine,142,0.00011,0.7659,0.8496,10441,3954
707,fine,142,0.00011,0.7015,0.8716,7977,3201
1643,fine,142,0.00011,0.7405,0.8427,9549,7329
667,fine,141,0.00011,0.628,0.7478,10139,2983
761,fine,141,0.00011,0.5721,0.8686,11639,3368
430,fine,141,0.00011,0.6804,0.5579,1835,1718
1842,fine,140,0.00011,0.5011,0.839,2757,7930
167,fine,140,0.00011,0.8635,0.7924,13219,647
795,fine,140,0.00011,0.8485,0.8686,11702,3450
207,fine,140,0.00011,0.8956,0.8343,12798,794
14,fine,140,0.00011,0.6435,0.7595,935,26
2040,fine,139,0.00011,0.7055,0.7819,9493,8844
885,fine,139,0.00011,0.8845,0.844,12761,3671
1600,fine,138,0.00011,0.7749,0.833,3439,7212
881,fine,138,0.00011,0.9104,0.8179,11605,3654
1902,fine,138,0.00011,0.835,0.79,6882,8233
1763,normal,138,0.00011,0.5188,0.732,1227,7696
994,fine,138,0.00011,0.7854,0.8223,10354,3927
1035,fine,138,0.00011,0.9279,0.8859,11645,4051
1361,fine,138,0.00011,0.5777,0.7175,8349,5638
1141,fine,138,0.00011,0.5068,0.7195,1742,4439
2111,fine,138,0.00011,0.502,0.7188,4691,9158
892,fine,137,0.00011,0.8326,0.8723,4414,3687
941,fine,137,0.00011,0.8746,0.8126,12589,3794
736,normal,136,0.00011,0.6135,0.7497,10302,3290
749,fine,136,0.00011,0.7164,0.8547,2398,3346
1413,fine,136,0.00011,0.512,0.743,11009,6198
530,fine,136,0.00011,0.5057,0.8989,8099,2305
80,fine,136,0.00011,0.6642,0.7757,5046,298
1441,normal,135,0.0001,0.5856,0.8846,7755,6492
831,fine,135,0.0001,0.8515,0.7232,4491,3539
1351,normal,135,0.0001,0.7548,0.8944,3782,5574
2130,fine,135,0.0001,0.5203,0.8433,9070,9366
102,fine,135,0.0001,0.6574,0.5919,6439,363
697,fine,135,0.0001,0.7035,0.8916,8741,3164
735,fine,135,0.0001,0.5832,0.75,13115,3289
657,normal,134,0.0001,0.6388,0.8359,12623,2929
1204,fine,134,0.0001,0.8083,0.8864,11622,4727
1174,fine,134,0.0001,0.7629,0.8545,11086,4575
822,fine,134,0.0001,0.8252,0.831,4340,3519
97,fine,133,0.0001,0.5794,0.7486,4201,343
394,fine,133,0.0001,0.521,0.6758,6216,1598
2109,fine,133,0.0001,0.6959,0.8876,424,9151
1918,fine,133,0.0001,0.809,0.8309,7963,8342
1487,fine,133,0.0001,0.7151,0.8223,836,6845
191,fine,133,0.0001,0.9331,0.8782,12174,733
2033,fine,133,0.0001,0.6804,0.8733,8973,8801
1381,fine,133,0.0001,0.6682,0.8763,12296,5838
693,fine,133,0.0001,0.7554,0.8425,12366,3146
718,fine,133,0.0001,0.6886,0.6962,5052,3237
1798,fine,133,0.0001,0.6627,0.8983,2545,7802
1829,fine,132,0.0001,0.6768,0.9052,9960,7890
1531,fine,132,0.0001,0.7166,0.8707,9774,7007
1055,fine,132,0.0001,0.6382,0.7179,809,4120
322,normal,132,0.0001,0.5412,0.646,3052,1352
806,fine,132,0.0001,0.8268,0.8137,12337,3469
1796,normal,132,0.0001,0.5244,0.8818,2405,7801
1071,fine,132,0.0001,0.5479,0.8722,9727,4195
1491,fine,132,0.0001,0.8292,0.8705,3276,6860
1473,fine,132,0.0001,0.7384,0.847,3121,6694
233,fine,132,0.0001,0.6644,0.6307,5744,882
936,fine,131,0.0001,0.8998,0.8801,4922,3778
1117,fine,131,0.0001,0.615,0.845,9898,4352
1800,normal,131,0.0001,0.6291,0.8704,1983,7808
2108,fine,131,0.0001,0.6353,0.7254,1309,9144
1945,fine,131,0.0001,0.8899,0.8863,10459,8486
1874,fine,131,0.0001,0.6915,0.68,9775,8058
1862,fine,131,0.0001,0.7093,0.7612,5705,8014
1399,fine,131,0.0001,0.6676,0.7124,13223,6060
437,fine,130,0.0001,0.6173,0.8451,12221,1753
246,fine,130,0.0001,0.8162,0.8443,12692,928
787,fine,130,0.0001,0.6277,0.8347,7178,3426
1216,fine,130,0.0001,0.7986,0.854,11649,4755
509,fine,130,0.0001,0.5363,0.5823,2539,2181
1518,fine,130,0.0001,0.649,0.8386,3567,6967
345,fine,130,0.0001,0.7239,0.7512,12982,1453
926,fine,130,0.0001,0.6922,0.8757,11162,3766
810,fine,130,0.0001,0.7893,0.8908,11537,3484
453,fine,129,0.0001,0.5599,0.628,3834,1831
1026,fine,129,0.0001,0.776,0.8068,11129,4022
839,fine,129,0.0001,0.6123,0.8539,6977,3567
1969,fine,129,0.0001,0.8588,0.8868,10501,8592
1839,fine,129,0.0001,0.6724,0.8859,9875,7913
608,fine,129,0.0001,0.6323,0.7541,11898,2725
1068,fine,128,0.0001,0.9087,0.8511,11909,4183
161,fine,128,0.0001,0.858,0.8391,13262,626
160,fine,128,0.0001,0.883,0.8433,12471,626
9,normal,128,0.0001,0.7533,0.8333,13345,6
2061,fine,128,0.0001,0.8653,0.8878,2682,8934
239,fine,128,0.0001,0.8339,0.8226,12702,900
371,fine,128,0.0001,0.7096,0.7118,1799,1552
1053,fine,128,0.0001,0.5793,0.751,2330,4118
1500,fine,128,0.0001,0.8536,0.7973,2596,6920
894,normal,128,0.0001,0.6306,0.872,10812,3687
1571,normal,127,0.0001,0.5707,0.8597,2247,7130
618,normal,127,0.0001,0.5168,0.8288,7148,2787
32,fine,127,0.0001,0.673,0.7219,4252,78
381,normal,126,0.0001,0.521,0.7504,11584,1575
1150,fine,125,0.0001,0.7776,0.8775,8805,4461
724,fine,125,0.0001,0.7192,0.8142,3753,3258
206,fine,125,0.0001,0.8971,0.7688,12777,790
1827,fine,125,0.0001,0.6797,0.8854,9934,7872
2051,fine,124,0.0001,0.6031,0.7656,6373,8904
56,fine,124,0.0001,0.5938,0.6522,5660,210
1006,fine,124,0.0001,0.6903,0.8356,4540,3962
522,fine,124,0.0001,0.6466,0.6787,843,2257
786,fine,124,0.0001,0.7982,0.8646,2230,3428
977,fine,124,0.0001,0.8993,0.8524,5094,3896
574,normal,124,0.0001,0.5878,0.7648,6885,2530
1017,fine,123,0.0001,0.8091,0.8635,4749,3979
1028,fine,123,0.0001,0.9067,0.8745,11521,4029
1604,normal,123,0.0001,0.5445,0.867,2411,7225
954,fine,123,0.0001,0.8865,0.8617,11368,3824
880,fine,123,0.0001,0.6783,0.855,10546,3646
571,fine,123,0.0001,0.5509,0.5605,3171,2497
217,fine,122,9e-05,0.8884,0.8492,12777,808
899,normal,122,9e-05,0.8339,0.8667,9523,3707
1265,fine,122,9e-05,0.805,0.8515,13193,4969
958,fine,122,9e-05,0.8969,0.8818,11521,3849
496,normal,122,9e-05,0.689,0.8726,7492,2099
876,fine,122,9e-05,0.8128,0.8631,12331,3642
1337,fine,122,9e-05,0.565,0.6825,8753,5418
1094,fine,122,9e-05,0.5428,0.6895,2064,4279
1850,normal,121,9e-05,0.7788,0.687,1611,7978
2128,fine,121,9e-05,0.6697,0.7761,6912,9322
846,fine,121,9e-05,0.8566,0.8709,11548,3578
665,normal,121,9e-05,0.5269,0.8123,10467,2971
213,fine,121,9e-05,0.6079,0.7083,5934,805
291,fine,121,9e-05,0.6789,0.8258,10249,1179
1039,fine,120,9e-05,0.5081,0.7872,9922,4073
1830,normal,120,9e-05,0.6456,0.7642,1661,7895
1179,fine,120,9e-05,0.881,0.8408,11497,4598
385,fine,120,9e-05,0.5962,0.7364,6668,1579
1779,fine,120,9e-05,0.6248,0.744,13288,7753
1423,normal,120,9e-05,0.6008,0.5538,1826,6323
1502,normal,120,9e-05,0.5868,0.5815,7503,6927
28,normal,119,9e-05,0.6503,0.7977,8305,70
835,fine,119,9e-05,0.8274,0.7799,5286,3548
1534,fine,118,9e-05,0.726,0.8449,3108,7013
1857,normal,118,9e-05,0.7645,0.8715,1703,7990
1325,fine,118,9e-05,0.6239,0.8643,1698,5356
140,fine,118,9e-05,0.6586,0.6633,6027,512
288,fine,118,9e-05,0.6358,0.7822,12441,1154
1171,fine,118,9e-05,0.8423,0.8781,11828,4547
1233,fine,118,9e-05,0.5282,0.7427,1688,4827
1201,normal,118,9e-05,0.5272,0.6771,1785,4715
1822,fine,117,9e-05,0.8443,0.8456,3656,7862
10,fine,117,9e-05,0.8035,0.7721,10249,12
979,fine,117,9e-05,0.9022,0.8078,5527,3896
585,normal,117,9e-05,0.9413,0.7787,10927,2592
998,fine,117,9e-05,0.8064,0.8648,12352,3935
1818,normal,117,9e-05,0.545,0.7936,1733,7852
1274,fine,117,9e-05,0.8779,0.8365,12131,4999
446,fine,117,9e-05,0.5473,0.7136,6100,1787
1733,fine,117,9e-05,0.5048,0.7861,3341,7583
901,normal,117,9e-05,0.5399,0.8469,10764,3710
2145,normal,116,9e-05,0.551,0.7448,7673,9492
1654,normal,116,9e-05,0.7592,0.7465,2879,7387
871,fine,116,9e-05,0.8754,0.8475,12850,3635
780,fine,116,9e-05,0.8401,0.8299,4469,3420
1992,fine,116,9e-05,0.696,0.8668,7591,8647
335,fine,116,9e-05,0.592,0.6658,4547,1427
1672,fine,116,9e-05,0.7478,0.8541,1650,7444
1434,fine,116,9e-05,0.5082,0.6792,8069,6429
745,fine,116,9e-05,0.7868,0.8367,4772,3341
1021,fine,115,9e-05,0.789,0.8658,12434,3998
48,fine,115,9e-05,0.7728,0.7655,10263,165
100,fine,115,9e-05,0.5385,0.863,9171,351
1911,fine,114,9e-05,0.8062,0.8453,6810,8299
180,fine,114,9e-05,0.8831,0.8214,13127,694
1722,normal,114,9e-05,0.8226,0.8676,566,7567
147,fine,114,9e-05,0.5053,0.6854,140,560
305,fine,114,9e-05,0.6016,0.6209,4622,1283
215,fine,114,9e-05,0.9259,0.8422,11636,807
730,normal,114,9e-05,0.8293,0.8572,11496,3276
854,fine,113,9e-05,0.7249,0.8505,2156,3601
2010,fine,113,9e-05,0.6278,0.8583,1529,8707
1681,normal,113,9e-05,0.8579,0.8763,2879,7472
64,fine,113,9e-05,0.7402,0.7958,10296,220
2088,fine,113,9e-05,0.638,0.8912,1398,9036
2076,fine,113,9e-05,0.6648,0.6038,2003,8997
54,fine,112,9e-05,0.6417,0.6841,4527,190
1794,fine,112,9e-05,0.6964,0.8394,3496,7797
1938,fine,112,9e-05,0.7468,0.8391,7470,8456
311,fine,112,9e-05,0.5429,0.5504,2337,1309
1271,fine,112,9e-05,0.8486,0.8007,13265,4983
1404,fine,112,9e-05,0.5579,0.8677,10896,6087
1974,fine,111,9e-05,0.7444,0.8506,7596,8597
51,fine,111,9e-05,0.6142,0.6992,11501,184
2072,fine,111,9e-05,0.8494,0.8725,2660,8983
838,fine,111,9e-05,0.8831,0.8535,12788,3564
1495,fine,111,9e-05,0.7046,0.7404,619,6893
852,fine,111,9e-05,0.8124,0.844,12102,3596
264,fine,111,9e-05,0.757,0.788,11359,1022
263,fine,111,9e-05,0.7851,0.7737,12490,1020
1766,fine,111,9e-05,0.7452,0.8544,1704,7700
1559,fine,111,9e-05,0.7288,0.6905,5779,7088
1126,fine,110,9e-05,0.6868,0.6785,1333,4387
1433,normal,110,9e-05,0.5599,0.7678,2000,6427
199,fine,110,9e-05,0.8988,0.8501,12574,747
2070,fine,110,9e-05,0.6089,0.7754,4839,8969
1703,fine,110,9e-05,0.748,0.8581,1694,7513
774,fine,110,9e-05,0.8164,0.794,12974,3404
627,fine,110,9e-05,0.6723,0.7962,566,2820
41,fine,110,9e-05,0.654,0.6562,5727,121
725,fine,109,8e-05,0.678,0.8076,4902,3255
1870,normal,109,8e-05,0.7263,0.8207,1089,8047
721,fine,109,8e-05,0.9095,0.8319,12583,3246
204,fine,109,8e-05,0.8958,0.8296,12720,771
534,fine,109,8e-05,0.6593,0.8586,4692,2328
508,normal,109,8e-05,0.5283,0.5697,319,2175
685,fine,109,8e-05,0.6759,0.8401,5051,3103
1283,fine,108,8e-05,0.6711,0.6892,2099,5022
668,fine,108,8e-05,0.6321,0.8286,820,2990
821,fine,108,8e-05,0.8163,0.839,4294,3522
737,fine,108,8e-05,0.787,0.8054,4738,3296
1062,fine,108,8e-05,0.9226,0.7584,11857,4141
2006,fine,107,8e-05,0.6288,0.8066,1533,8686
1853,fine,107,8e-05,0.6867,0.8253,674,7984
1665,normal,107,8e-05,0.5343,0.8193,3237,7422
878,fine,107,8e-05,0.684,0.7776,2162,3644
1332,normal,107,8e-05,0.5353,0.8437,11741,5369
1625,fine,107,8e-05,0.6678,0.7313,9968,7286
1758,fine,107,8e-05,0.7275,0.8294,9459,7676
497,normal,107,8e-05,0.6135,0.7768,6978,2116
1671,fine,107,8e-05,0.6302,0.868,10618,7439
2035,fine,106,8e-05,0.7079,0.7957,9294,8814
2120,fine,106,8e-05,0.5272,0.7278,4717,9237
2025,fine,106,8e-05,0.5859,0.7333,7676,8772
1512,fine,106,8e-05,0.6306,0.8174,2481,6950
2028,fine,106,8e-05,0.7126,0.8745,9361,8783
1246,normal,106,8e-05,0.5167,0.8003,10182,4869
664,fine,105,8e-05,0.5689,0.6793,9997,2964
148,fine,105,8e-05,0.8778,0.8459,11618,565
257,fine,105,8e-05,0.8666,0.8095,11649,1000
1196,fine,105,8e-05,0.5891,0.8297,3567,4689
1088,fine,105,8e-05,0.8048,0.8193,12181,4258
1007,fine,104,8e-05,0.8277,0.7183,4772,3961
1610,normal,104,8e-05,0.5384,0.8505,1045,7254
1267,fine,104,8e-05,0.8193,0.7119,13217,4970
221,fine,104,8e-05,0.873,0.8105,12773,839
815,fine,104,8e-05,0.895,0.8808,11671,3504
40,fine,104,8e-05,0.6758,0.7157,1765,114
575,normal,104,8e-05,0.9544,0.7819,11151,2533
1388,fine,104,8e-05,0.7205,0.8987,11897,5906
669,normal,103,8e-05,0.5389,0.8353,10471,2995
1513,fine,103,8e-05,0.5941,0.6958,12445,6951
329,normal,103,8e-05,0.707,0.7319,11670,1383
1153,fine,103,8e-05,0.8798,0.8142,11797,4468
1287,fine,102,8e-05,0.5199,0.7523,5846,5057
751,fine,102,8e-05,0.8134,0.8603,12352,3348
484,fine,102,8e-05,0.506,0.6532,3050,2013
2003,fine,102,8e-05,0.8725,0.8641,5846,8679
1492,normal,102,8e-05,0.9511,0.7075,6,6863
2019,normal,102,8e-05,0.5922,0.8481,7195,8752
159,fine,102,8e-05,0.597,0.7127,2465,618
1253,fine,102,8e-05,0.633,0.7023,971,4889
2030,fine,101,8e-05,0.7565,0.8002,5611,8793
2015,fine,101,8e-05,0.6659,0.7719,11401,8719
2080,fine,101,8e-05,0.8882,0.8508,10685,9003
935,fine,101,8e-05,0.8959,0.8384,5098,3775
1168,fine,101,8e-05,0.7758,0.8296,11053,4541
1127,fine,101,8e-05,0.7789,0.8197,10933,4388
1030,fine,101,8e-05,0.517,0.7458,2861,4035
1135,fine,100,8e-05,0.8021,0.7575,12816,4425
1463,fine,100,8e-05,0.837,0.8284,13176,6617
1148,fine,100,8e-05,0.7972,0.8707,10997,4457
1424,normal,100,8e-05,0.5117,0.5602,6040,6323
515,fine,99,8e-05,0.5665,0.6788,6393,2214
1000,fine,99,8e-05,0.8647,0.7778,12683,3938
1316,fine,99,8e-05,0.5513,0.7971,348,5286
424,fine,99,8e-05,0.68,0.742,1958,1706
605,normal,99,8e-05,0.8903,0.814,13021,2690
241,fine,99,8e-05,0.8797,0.828,12307,899
884,normal,99,8e-05,0.6412,0.8532,10785,3661
1139,fine,99,8e-05,0.8457,0.8337,11020,4438
939,fine,99,8e-05,0.6257,0.6319,1039,3786
3,fine,98,8e-05,0.6902,0.8417,7088,3
2151,fine,98,8e-05,0.8115,0.6437,118,9547
1466,fine,98,8e-05,0.7601,0.8671,6926,6624
510,fine,98,8e-05,0.5333,0.6594,2959,2191
967,fine,98,8e-05,0.7429,0.8443,10057,3875
473,fine,98,8e-05,0.5103,0.6215,6062,1961
2119,fine,98,8e-05,0.6528,0.7252,1938,9223
306,fine,97,7e-05,0.6926,0.7339,13164,1282
334,fine,97,7e-05,0.6897,0.624,10492,1416
1050,fine,97,7e-05,0.8552,0.8165,5133,4110
1041,fine,97,7e-05,0.6437,0.6987,2000,4094
2058,normal,97,7e-05,0.602,0.8422,7327,8926
1085,fine,97,7e-05,0.8273,0.8317,5112,4248
836,normal,96,7e-05,0.7266,0.8397,10729,3560
1266,fine,96,7e-05,0.6745,0.8223,457,4971
886,fine,96,7e-05,0.8809,0.7906,12793,3668
1412,normal,96,7e-05,0.7144,0.7882,132,6193
467,fine,96,7e-05,0.5932,0.7,1733,1928
129,fine,96,7e-05,0.6194,0.6334,4549,458
142,fine,96,7e-05,0.8368,0.8363,11177,511
599,normal,96,7e-05,0.8837,0.6302,13017,2668
